,#,country,gender,age,household_income,education_level,years_from_grad,previous_lang_perf,previous_math_perf,time_in_mins,percent_viewed,views_number,learn_scores,cog_scores
0,l57iwxvbsb30sjpuy45hil57iwntda7l,Kenya,Male,23,1,2,0.0,5,5,62,1.205,1.0,0.606953837767116,1.20440365281476
1,hml6linh2hxbyusch5khml6lxf31xwnj,Kenya,Male,28,1,2,6.0,5,5,39,100.0,1.0,-0.923318495247204,-0.0747726274096635
2,mxyvt2njz01ozvgiam0y5jmxyvt2dsw5,Kenya,Male,29,2,2,-1.0,4,5,95,28.045,6.0,0.969199121041479,-1.39369367236651
3,n5mkklp55cke9kkpjn5mkk35oit8htru,Kenya,Male,21,2,2,-2.0,5,5,1,100.0,2.5,0.500108860496276,1.1247011300311
4,er329a654xjyg4w954ccpaer329az2ct,Kenya,Male,29,1,2,5.0,5,5,91,99.815,1.0,-0.0570072231787385,-0.0980853203386127
5,lqmsqqqpqf86dkqi63rtgep7lqmsqqng,Kenya,Male,32,2,2,8.0,4,4,91,64.11,1.5,-1.00846969441874,0.295806384243605
6,zgz99euhlazikmeym4izgz99eu797hm0,Kenya,Female,22,1,2,0.0,4,5,58,50.54,1.0,-0.497429716767835,0.669481632543313
7,jttlvk8lin0b45zhm2jttlvkjue38spn,Kenya,Male,28,4,2,6.0,5,5,4,100.0,1.0,-0.860460584439345,0.0908958401200786
8,c5d284y0lbntgkk3c5d284oztrpbtp3o,Egypt,Male,24,1,2,1.0,4,4,18,100.0,1.0,-1.45582202390833,-1.43740707459158
9,ey17flrkpgpere6a9oey17ndj3ot2nyn,Kenya,Male,25,1,2,3.0,5,5,32,94.175,1.0,-0.0990079041941946,-1.48308961841734
10,20kwiyjcppv600bcn520kwicwgz1lf19,Kenya,Male,23,1,2,0.0,5,4,26,95.24,1.5,0.0520811081594333,-1.68029535659098
11,lvinkgz4r6quz434r4lvinkg441qqd67,Zimbabwe,Female,22,5,2,0.0,5,5,1,93.6,3.0,-0.664639644202276,-1.88615334959695
12,co3812bm0p19rouqtbimt3ajco38122q,Kenya,Male,30,1,2,5.0,5,5,31,3.85,1.0,-0.405853794543041,-1.11077988502406
13,zpzv7dm2n9uy1qnyb6orzpzv7mkcsz9m,Botswana,Female,28,1,2,4.0,5,5,106,99.525,4.5,-0.127576273678752,0.735683018298108
14,xvpng2nv9mfvscxvphl8clw8m2vd783m,Morocco,Male,19,2,2,-4.0,5,5,95,56.775,1.5,1.21629604344665,0.746662436841672
15,mji6or0ulw3wj23koiokbmji6jmw2m4a,Sudan,Female,26,1,2,0.0,3,4,5,100.0,3.5,0.441154564646679,-1.73889008593645
16,63v9knrd3al1qervaj63vxocafk7h55z,Burundi,Male,29,1,3,1.0,5,5,63,50.605,1.0,-1.23978570432946,-1.07070497198582
17,2trhovawercokmtln1e97112trhovaw2,Kenya,Male,24,1,3,-1.0,5,5,70,34.650000000000006,1.0,0.934012304817344,-0.197941376818714
18,g6qcsjhp0ksj4vq66g6qcsu386uwm44z,Kenya,Female,27,5,2,4.0,5,5,89,99.8,1.5,0.097005690193457,0.473750592750541
19,vbeyhmfo1vau9f24tvcvbeyhm0hwytq5,Kenya,Female,29,1,1,6.0,4,2,28,1.685,1.0,-1.76988091035904,-0.984875716658673
20,1drqazmezh5lyzw1drqeijyjiaghupul,Kenya,Female,26,5,2,2.0,5,3,20,98.335,1.0,-0.484779889209078,-0.806463159788602
21,875nfbagpbkjqwyehi875nfbknlbdvgo,Kenya,Male,35,1,2,1.0,5,4,43,57.59,1.0,-1.84080627820397,-0.989753699570762
22,qhsy1rwydskpr5kbjl9qhsy1rw22mpw3,Kenya,Male,28,1,1,1.0,5,3,17,53.7,1.0,-1.35781307762034,-1.77786393506665
23,32rcnt93k8yh5wsv9132rsapf7mamzn9,Kenya,Female,31,2,2,5.0,5,4,55,100.0,1.0,-1.474353275632,-0.673947307890603
24,va7x5zm3koad9y3khova7x5qrxw5ylw1,Kenya,Female,27,1,2,4.0,4,5,39,100.0,3.5,-0.408647430065144,0.4138489857339
25,2b6xmqc53oldbsg2b6xgun5jf0x1zrnl,Nigeria,Female,29,1,2,6.0,5,5,87,84.565,1.5,0.56216338237087,-1.29040305803477
26,npnyhbkdo9jl7e7mnpnyhbkzrit0d15v,Kenya,Male,22,1,1,-1.0,5,5,83,99.94,1.0,0.862585344679623,0.287707194164808
27,9ablclps7lqgjwgma9ablj7h7z7b3ir2,Kenya,Female,25,3,2,0.0,4,3,135,100.0,1.5,1.05845537877655,-0.804494216245171
28,7uvnzwpuw5trwkkbw7uhw9r5dfqqtoiu,Cameroon,Female,35,1,3,1.0,5,4,62,99.86,2.0,-0.237179975358663,-0.876446161860519
29,iuazo1zkzkua0deo6lhiuazo1dwmxcal,Nigeria,Female,27,3,2,5.0,5,4,66,99.94,1.0,0.329008889978285,1.04089754320696
30,9v53vpugb0mxr3pq49v53vaz24428vpi,Kenya,Female,29,1,2,6.0,5,5,80,98.485,3.0,-1.34083372852685,0.544726034208987
31,8bc8ycwgo4en8c88bc8mpufa1ttauhnn,Kenya,Female,29,2,3,-1.0,5,4,83,17.465,1.5,0.912157015271439,0.943816696917387
32,6959nzpkydaey0qlu37l6959nz16vk0t,Kenya,Male,26,1,2,4.0,4,5,106,100.0,1.5,0.877790428705629,1.14137723961975
33,by28mj42bpbk9pabzo4fg6oiby28m2a4,Sudan,Female,23,1,2,-1.0,5,4,80,99.555,2.5,0.204752028168893,1.13490306820324
34,87oz66mqppm9bgyc87oz66p0mja3mb3m,Somalia,Male,31,4,3,0.0,4,5,113,100.0,3.5,-1.06024413701374,-0.536749153535249
35,9ohx6kc95t4xjnqq9ohx6k04n09m15dp,Tunisia,Male,30,3,3,7.0,5,4,109,98.42,2.5,1.14132519841558,-1.41968758364196
36,6j1heznmflnwsb4o6j1hezn53h8yl10q,Kenya,Male,32,1,3,0.0,5,4,103,99.755,1.0,0.863004058519324,1.37477903999669
37,10m2cyzw0nsk10o1xr2d0u7n8pugc2jr,Ghana,Male,23,1,3,1.0,3,5,78,100.0,2.5,-0.355101825030971,0.0460261883414313
38,j61a6zqhqbxnrxg426syj61a6zgxpk2e,Kenya,Male,28,2,2,6.0,5,5,53,17.15,2.0,1.93231712377347,1.13284292833725
39,h0zp8qkts3yq00h0zp26mroxn0di0wek,Nigeria,Male,36,3,2,9.0,5,5,40,100.0,1.5,-0.112621838835893,0.446654773640558
40,ffbijrfsqjsh45rff3vaznab1ltf3vaj,Kenya,Male,21,1,2,-3.0,4,4,50,92.605,1.0,-0.830523953588441,0.606167147125661
41,g9sbwxwb1rvgx4jeg9sbjotgkcyw0613,Kenya,Male,32,5,2,9.0,5,5,101,100.0,3.0,-0.615647973694439,-0.872022208824777
42,i35af7tm1rbitux6y41oi35af7th36in,Nigeria,Female,53,2,3,0.0,1,4,104,100.0,3.5,0.29526728940087,0.345573623489415
43,rw3wxdix70y30hprw3wwuuid9eiu4v1q,Ghana,Female,30,5,2,2.0,5,5,33,100.0,1.0,-0.634623545820966,-0.133289101575683
44,xx072art30iksif6ejqxx07o6ry9mh9g,Nigeria,Male,31,1,3,2.0,5,4,22,2.0700000000000003,1.0,-0.856206283967161,-1.7086680974163
45,gw8gxe1qohgp0wi20pgw812d8wi23n7t,Nigeria,Male,24,2,2,1.0,5,5,78,100.0,3.5,0.853032914782319,1.18266268651878
46,6zski6cl6gcl1lesm6zskmetstw65sg0,Kenya,Male,31,5,2,7.0,5,5,62,99.79,1.0,-0.233790112292442,0.58965963251911
47,mjx1hq8mb5p9ra3mjx1hq8ftpuu9g7vl,Kenya,Female,25,5,2,0.0,4,5,3,100.0,1.0,-0.517980671470762,0.0710690350303529
48,5vfwyx1vjw01871f3f5i845vfk6rwuu8,Kenya,Male,29,5,2,6.0,5,4,28,3.695,1.0,-0.743235098449435,-0.313261395396629
49,f0fv3k16ixwf5nf0fv3kjgk2xf7khotr,Kenya,Female,32,2,3,1.0,4,5,88,100.0,2.0,0.685798642528063,0.228327590497676
50,0m4vlu0jb1h90m4wsc8e9vqr66s9gq48,Nigeria,Male,28,1,2,4.0,5,4,41,100.0,1.5,-1.3896606421958,-0.544683417426919
51,lro1olonaldi3eup90q9lro1ole0vey3,Kenya,Female,28,2,2,4.0,5,5,115,0.985,1.0,0.564653037378595,0.429646157250346
52,9yop6ih3oo10ksglnm9yop6iwqz5y6p1,Kenya,Male,26,2,2,1.0,5,4,76,100.0,1.5,0.180467274531591,0.873817440900861
53,qtr6a70oh9gzhuck7gli23o4qtr6a70a,Uganda,Male,32,3,2,8.0,5,4,76,99.55,2.5,0.155130984686537,-0.345463002690853
54,4rvg8h85qnn3r44rvg8ndvia20541727,Nigeria,Male,27,1,2,2.0,5,3,53,30.935,1.5,0.638521929520967,0.219928688097847
55,c6v0zrhm1qsr9jdc6v0z9q3p5g01j9mf,Kenya,Male,24,4,2,2.0,5,5,6,100.0,1.0,-1.02760982494488,-1.7037719984765
56,rlz2wsriq48vgdrlz2wbo1y176t16xtx,Nigeria,Female,27,1,2,5.0,5,5,99,78.375,3.0,-0.34910719308219,0.0318912629635857
57,5e4y2ft4xjibgbamic75e4y2hzxhln2v,Kenya,Female,23,1,2,1.0,5,5,99,50.495,1.5,1.31072981590155,0.129107809108249
58,9eeea3gl19rhwnt74ykg9eeeabunqx66,Sudan,Female,31,2,3,3.0,5,4,71,99.805,3.0,0.364883151399407,0.777108656139212
59,t0f30j01gu8s4mt0f3tftu2mj6de3123,Nigeria,Female,22,3,3,-1.0,5,4,85,24.895,2.5,1.5357346408352,-1.31248100412758
60,da4fpwzwdxgd9948l99da4fpwfcup147,Kenya,Female,27,2,2,5.0,5,5,101,100.0,1.0,-1.2859213589481,0.221719895338897
61,zcjopyb34jfzrtkkzcjourzg3gfcr82g,Nigeria,Female,26,4,2,3.0,5,4,75,99.82,4.5,0.205214333310891,1.24647655415655
62,m738ldm3mf9nk42p0m738ldhydbsbd94,Kenya,Female,24,1,2,1.0,4,4,61,100.0,2.0,1.760374024158,1.05862625859621
63,zb89cu1hnahydarlyjcn5zb89cu1holu,Nigeria,Male,19,1,1,-3.0,5,5,52,66.955,3.0,-1.14970131776045,0.661925312003231
64,seyymhw7q5gne92nb0trpseyymhwsogj,Kenya,Male,27,2,2,5.0,5,5,40,98.9,1.0,0.473072564456358,0.194813750520481
65,53xyonmf7lqe8n65253xyoz3a19jdl3l,Ghana,Male,24,1,2,2.0,5,4,116,100.0,2.5,-0.0453832387777391,0.0912645543810911
66,mkea71qkdncj6rtw2mkeablmbxt49kj9,Kenya,Male,28,2,2,4.0,4,5,52,100.0,1.5,-0.166969526284682,0.408385837143034
67,o52llskwbxyit58ei6v79o52llskrt0p,Kenya,Female,26,1,2,5.0,5,5,45,100.0,1.0,-0.0504514001407578,0.656503962969808
68,5p7ppuuu2nhlul6ip3uk4s5p7pputl0t,Nigeria,Male,34,2,2,7.0,3,4,48,100.0,2.0,-0.693259527366905,0.106623594818553
69,elpy71hb4dfn7sthkaelpy71hgaqibbm,Nigeria,Female,27,1,2,-1.0,5,2,18,99.895,4.0,-0.547929107666123,-1.41588553281081
70,n6kozh5i3wrcjq452vqmvzqvn6kozhhf,Nigeria,Male,32,2,2,9.0,5,3,85,100.0,3.5,-0.599099372669475,-1.06825442349783
71,n2g2h5vputc8td4ktzcn2g2h54y5l2jt,Kenya,Female,29,1,2,6.0,5,5,5,99.78,1.5,-0.657561015841337,0.159558989504418
72,3vvnzsqmmud9bam4yh3vvnzs1jmg97mc,Kenya,Male,27,4,2,4.0,3,3,28,100.0,1.0,-1.18170178297371,-1.60231893346486
73,eao59oko97266znstqeao59q6d2a14xa,Malawi,Male,21,2,1,0.0,5,5,108,81.905,1.5,0.697204803134274,-1.03797777489517
74,m1x080sk6npaq73ha5m1x080sdoefva7,Kenya,Male,27,2,2,4.0,4,5,90,99.97,2.5,0.108488676011863,1.05698950443139
75,oywvfds7atc8whwwooywvfds04gtfsqt,Kenya,Female,30,5,2,8.0,5,5,43,100.0,1.5,-1.43455757698434,0.593262102473506
76,1qaehr7wd64aihy1qaehwox9llzbzo8z,Kenya,Male,24,1,2,0.0,4,5,58,34.57,2.0,-0.771403967735826,0.291820198849712
77,7ipx1u6zthqmcbt50x1jdn1j7ipx1u6l,Uganda,Male,29,2,2,2.0,4,4,77,100.0,1.0,-0.137412385035358,0.871880823557451
78,zyhmv9czf9lvggmdfucozyhmvqf6aiga,Kenya,Male,37,5,3,0.0,5,4,102,95.925,1.0,0.670942013979473,1.44040425582572
79,wa7jdogzz4y2be4lxiwa73dvfqcttgo7,Nigeria,Male,29,3,2,4.0,3,2,18,100.0,1.5,-0.157012375920401,-0.569989211017882
80,phsk6rmlx0drxgd1phsksg1ak2zptiqw,Botswana,Female,23,1,2,1.0,5,5,67,84.4,2.5,-1.21214733176885,1.04207823769962
81,osh7o5s2h28ihaoshwap92qplfchasec,Tanzania,Female,27,2,2,3.0,5,5,13,62.085,2.5,-1.37930258434676,-0.810051649722679
82,ntqayekfzq4f2fvjzm8ntqa4101miomi,Kenya,Female,24,4,2,2.0,5,5,18,99.28,1.0,-1.12202664204691,0.125459756416764
83,6x7je44uyn1c0n6x7je4khrkjku27zqv,Nigeria,Female,26,1,2,2.0,3,4,9,78.23,4.5,-0.312107668696775,-0.706395145199264
84,k5kl37u1g7gmhzhnvck5klc2dguroyoa,Kenya,Female,25,2,2,0.0,5,3,84,82.55,1.5,0.939786748116079,0.324981651193227
85,hmkxx3129lrd4u2smhmk8gsvxikq6mf9,Nigeria,Female,34,1,2,9.0,4,5,0,85.56,2.5,-1.20784577174902,0.691868809866902
86,afdafu9vn4seij1b4cx9afdafu99vpc4,Uganda,Female,33,2,2,0.0,4,4,87,9.185,1.0,0.230624526657437,0.205603015653824
87,5dv2rshi6cx3cu1a15ztd5dv2rsh7gh0,Nigeria,Male,29,1,1,-3.0,5,4,64,83.21000000000001,2.0,-0.06999496832506,0.402945116476357
88,cw6pegl6wrqcw61p838e1lj730zp1k09,Kenya,Male,29,1,2,6.0,5,5,48,81.11500000000001,1.5,-1.78827504368963,-0.88019894130919
89,zolz3ihddsve7mheuuvmhazolz3ihbpq,Kenya,Male,24,1,2,2.0,4,4,93,73.795,2.5,0.769052805130145,-0.350822626408879
90,taco3s1p5ec012vtaco3xj9dilf23qjj,Kenya,Female,29,3,2,6.0,5,5,50,88.125,2.0,1.3124888579357,0.344796938393839
91,lnmh3xvrya2ryti6dezsdlnmh37h7mlh,Nigeria,Male,22,2,2,1.0,4,5,3,100.0,2.0,-0.034328183735101,-1.26865304710427
92,v3qtgml0b7byxwv3qtvr2s0dx04pqjj9,Kenya,Female,29,4,2,7.0,4,5,45,82.36500000000001,1.5,-0.368461797420644,-1.2386611365419
93,cjidks01ff5ogv6anyvd0gcjidks01fy,Kenya,Male,34,1,2,0.0,3,2,32,100.0,2.5,0.0456598160139913,-1.43058285800131
94,ndydminpu9v4ole3s9ndydm686avhrgs,Kenya,Male,30,5,2,7.0,5,5,59,69.5,1.0,-0.421917341522524,0.0595178787230245
95,ckbk18zv40kyyu13e9ckbgoug6s2zgko,Kenya,Female,29,3,2,6.0,3,5,37,73.47,1.0,-0.156950560140111,0.0229408661187754
96,je5kfpewcjhq3cz0j3xje5kf3w21pzfd,Kenya,Male,41,3,3,2.0,5,5,64,98.56,2.5,-0.258994442758207,-0.720368137900652
97,qs2dejk29j4ary69qs2dejrrv8thppla,Kenya,Female,31,5,3,-1.0,4,5,18,100.0,1.0,-2.07613090330215,-0.905098643526963
98,v1heo59wwec32i085q77lv1heo5dbybx,South Africa,Male,21,1,2,1.0,3,4,39,100.0,1.0,0.180116207167034,-1.12711333613817
99,a8zgqa3m55uelqfa8zgqthf5kyhlhuvw,Kenya,Female,39,3,3,2.0,4,3,81,99.965,6.0,0.465648867334353,-0.025262406289278
100,1i1az1oyeo6elj1i1az3dqfp7blrddu6,Kenya,Male,34,2,1,0.0,4,5,67,95.75,2.0,-1.01853428599938,0.259946687144389
101,n4l7hftdb31jz6795yn4l7hfftov7wvw,Kenya,Male,19,5,1,-3.0,5,5,44,99.225,1.0,0.0153496287953023,1.71345381342111
102,81cvn2osbyhjzvcrd8x81cvdyd7snuip,Kenya,Female,28,1,3,2.0,5,5,31,77.105,2.0,-0.260194596258297,0.474353658792043
103,317aa6pspk2n1j317vp59szee85vn5vp,Kenya,Male,26,1,2,3.0,1,1,36,86.33000000000001,2.0,-1.28936619127873,-0.532096227459502
104,jpr2db58kevg8357jpr2dbi2fbhw1ol4,Kenya,Female,24,1,2,0.0,3,4,37,75.995,2.0,-1.35532046931567,-1.81204370738482
105,0j4r2vko5otzdxz3h0j4rftrcywda15j,Malawi,Female,24,2,2,1.0,4,5,13,99.68,5.0,-0.393629664410279,-0.936934540872306
106,o3300heaq7lhrw7c84xzo3300hwox58u,Kenya,Male,24,1,2,2.0,5,5,73,4.47,1.0,-0.50638678804748,-0.291029658886938
107,cs21i7hw3a9d6ga9cs2jlb0h0zocifjl,Sudan,Male,27,1,2,1.0,4,3,10,97.295,1.5,-0.636232542612441,-1.1884182403941
108,qd7c8kze6acajtqd7c4792ir69vpss0f,Kenya,Female,28,4,1,7.0,4,1,48,100.0,1.0,-0.84185909972189,-1.83039944401387
109,6rxzwq8hfqtdq4z5px6rxzwfwrkmp8sf,Kenya,Male,24,5,2,2.0,5,5,64,93.08,2.0,-0.795631789583496,0.336632865703002
110,ftehiht1unmpwual9vuftehi15nh3ixp,Sudan,Female,24,1,1,0.0,4,3,70,100.0,2.0,1.37689283219975,1.52744537803524
111,po87tloagom9mcc6bipo87tllxqqzcgq,Ghana,Female,27,1,2,7.0,5,4,84,98.705,2.5,0.332986898983348,0.361219582076203
112,sz8x5d33ydfvvbhsz8x5wxx3e7hymz70,Kenya,Female,28,5,3,0.0,5,5,62,75.035,1.5,-1.2260397511007,0.442623754893578
113,qgtj2dg4tynlzsksfiqgtj2xknxqmyx5,Nigeria,Male,27,1,1,4.0,5,5,11,100.0,2.0,2.23130970425126,0.953643328532755
114,gcoupxodg8ji070xf0iwifgcoupxwtxd,Kenya,Male,23,1,2,0.0,5,5,107,100.0,3.0,1.58939429141307,-1.30485111135764
115,b1selxuuo0vrcqhwz7b1s91lhperjz3i,Nigeria,Male,28,1,2,2.0,4,3,27,100.0,2.5,0.636272321464169,0.0276394661136442
116,lge2wvyeuitkfx3hglge2wvqpqpt5gpw,Kenya,Female,23,5,2,-1.0,5,4,14,97.46,1.5,-1.00757659661581,-0.144328944484968
117,vdvnr1qqntdzm63yvbryvdvnrwhtnhzi,Rwanda,Male,24,3,2,1.0,5,5,87,8.370000000000001,1.0,1.40520654355823,-0.843154574446077
118,u68guqov564z3ya9nu68g67idv9bhpqs,Kenya,Female,22,1,2,1.0,5,5,104,15.945,2.5,-0.677263910653818,0.302843858459227
119,we2x9s53vz2efh2lwe2x9sqyf5sl8811,Kenya,Female,19,1,2,-3.0,4,4,55,21.395,1.5,-0.638046301103048,-0.326502567810982
120,4u49q4xiacrirmp5bl4u49q65gxjfg9e,Kenya,Male,33,5,3,8.0,5,5,51,99.83,1.5,0.244547351789708,-0.0124661334342217
121,6ictxss97n0lhkx9kgv6ictxsvst71td,Ghana,Female,33,2,2,10.0,4,3,71,99.53,2.5,-0.109254098253337,0.112467839446737
122,ep0winzifefx9xfep0wtwdkk03x59l8x,Nigeria,Male,27,1,2,5.0,1,3,86,5.615,1.5,0.529738535632004,0.583503275100038
123,8qfu4rlxyxo04jt8qyvzegwdasdcjkpt,Kenya,Male,26,1,2,2.0,1,1,57,54.025,2.5,-0.107055600960325,-1.10677224975094
124,mzw3yk974mnjtufnqghnmzw37zk36eml,Sudan,Female,25,1,2,0.0,3,4,90,99.49,3.5,0.848282558875064,1.54972418110228
125,bjg1qn2f71vtv2l3bjg1huv5h3rsp4mq,Uganda,Female,20,5,1,-2.0,5,5,58,94.84,3.0,0.378086912549362,0.494955532035518
126,5n601matxryqqpq5n6a04j1lqv9f1id6,Kenya,Female,30,4,2,10.0,5,3,51,100.0,2.0,-0.387007603666888,-0.556801077591237
127,0xb1oo7lck4r300xb129t2umfnxoch0o,Guinea,Female,27,1,1,1.0,4,5,16,99.29,1.5,-0.346883445570296,-0.74734817259133
128,tpbbkn0u2e61qcftpbbuypon1j1s88lj,Kenya,Male,21,1,2,-1.0,5,5,6,12.785,1.5,0.986827090959842,-0.785009810408312
129,d87u3q50a9i9zyyi3d87u7eccekrzaes,Sudan,Female,24,3,2,0.0,3,4,118,98.62,2.5,0.530592127725857,0.836210029727512
130,drrytt12z3cimqvdrryeet7bgnodrz3n,Kenya,Female,23,2,2,0.0,5,5,81,99.98,2.0,0.687058712316387,0.870128016384805
131,h2ldz7h6jkifkjw5z2h2ldz0ahzx56q2,Kenya,Female,30,5,2,6.0,3,3,20,90.575,4.0,-0.677375226416036,0.326698029089255
132,14jaf820q1q36ra4r0a314jax48zecyz,Kenya,Male,26,2,2,2.0,5,5,59,0.215,1.0,0.210865678556488,0.384121919144641
133,l0sl1mu3y7f23s3jbn2el0sl1muv60zs,Ethiopia,Female,23,1,2,0.0,5,4,88,100.0,1.5,1.1805064247072,1.39660605526155
134,5yblti8k2tvno5xx65ybltit4v7kfsm9,Nigeria,Female,29,5,2,6.0,4,3,24,63.505,1.5,-0.612132142106213,0.533049790504238
135,rjkbqppx34sc7rwtrjkbfu14hqs6mdvg,Nigeria,Male,23,1,3,0.0,5,5,33,100.0,2.0,0.064266199028392,0.598090333344934
136,q0lp5x4f845fgq0lpp3al41fs7zxp3ip,Nigeria,Male,25,1,2,0.0,5,3,15,99.665,1.5,-0.0050173569195148,0.163864259096339
137,xtnawa2ych2et3w6qgyj4xtnawadudx9,Kenya,Male,21,1,1,-3.0,5,5,9,63.215,1.0,-0.217577843129798,-0.265326518327053
138,gfllj6kyn1k9ay605k5zgfllj1api4bm,Kenya,Female,28,3,2,6.0,5,3,20,90.74,1.5,-0.749634680998717,-0.920675519844643
139,1uphm1snpzpujkz1uphwvme1j9ag752h,Kenya,Male,29,3,2,5.0,5,4,26,96.785,1.5,-1.12260652131934,-1.36451502357932
140,42ro88xy523rxtopg42rotsdcbv00yos,Kenya,Male,23,1,2,0.0,4,5,64,99.955,1.5,-0.451297982624895,0.13060074357964
141,uy51ns979wxrexm5jjlxuy51nkhix02j,Kenya,Female,26,3,2,0.0,5,5,116,100.0,1.0,1.30592524410262,1.56985030745173
142,ex3cichvlwdlbm5prex3cicy4m3q3fq3,Kenya,Female,27,3,2,5.0,5,5,61,100.0,1.0,-0.316137519952624,0.375642734659438
143,8hlksnd8h6a8b6d5cdh8hlksni5xy1qj,Kenya,Male,31,4,2,6.0,4,5,39,100.0,2.0,-1.33226661162303,0.0824882452533962
144,4mlfacdwagqqgm67z4mlfhzlxvikzq1m,Sudan,Female,26,4,3,0.0,5,3,63,99.995,2.5,-0.549898940907925,-0.0029721318409152
145,fjdge5mb86fmly52sfjdgf6bfavti1gm,Kenya,Female,32,5,2,0.0,5,5,53,82.49000000000001,1.5,-0.252222884708387,-1.80728403029776
146,gkjdkov72ktygdbxxagkjdk21x90judn,Kenya,Male,23,1,2,1.0,5,4,113,98.18,4.0,-0.599414873040888,0.0114621614967279
147,9gltub2x3dk18dsxwkxg9gltu1hnsd65,Sudan,Female,24,3,1,0.0,4,4,0,81.05,4.0,0.13895568913965,0.157365294773233
148,tng1tgsvtf9hgy7n8xt7w5fdtng1t123,Nigeria,Female,26,1,2,-1.0,4,2,54,20.615,1.0,-0.691353857972826,-0.432946273289703
149,eiph1zrugal5vyioteiph1z1f3slp871,Nigeria,Female,32,1,2,10.0,5,3,72,100.0,1.0,-0.660040739495123,-0.667605501296735
150,ac57nvihag807xf53517acgs4osiiagd,Kenya,Female,22,3,2,-2.0,3,3,103,83.39,2.0,0.252956092887356,1.26309690896716
151,fydrflf7j3vufrhocxfydrof75f5tbpf,Kenya,Male,31,2,2,9.0,5,4,54,12.095,1.0,0.19863003117681,0.776549673945504
152,qcvcsthdklsn79hjczfqcvcqycmf24rj,Ghana,Male,23,3,2,0.0,1,5,62,55.175,1.0,-0.0331940318309284,-1.28445960052199
153,2hp9ozgha9hbvs5o2of2hp9ozgy1966j,Liberia,Male,28,1,2,1.0,3,4,101,92.94,4.0,-0.539370762922616,-0.100975203073301
154,oqnwstozjnzn68dz9swoqnwsm4r3up3k,Ghana,Male,29,1,2,-3.0,3,3,74,79.37,2.5,-0.422213686278799,-0.833482586682906
155,m2lqmxlmmu681cc2mr4gm2lqmxl4bd9r,Kenya,Female,26,1,2,4.0,3,5,8,52.225,1.0,-1.48821257122937,-1.12093804586367
156,30zy0rvv55ek30zppk54w5c66jvvdxpp,Kenya,Female,26,1,2,3.0,5,5,11,100.0,6.0,0.126271443621258,0.0598066209698498
157,1ucf5407jkc5esynu21ucfq7t5bs3y53,Zimbabwe,Female,23,5,2,0.0,5,5,105,97.87,1.5,1.01207720599079,0.644203357816051
158,me0t5sbspcy66iorhvhvme0t5s6os1xv,Malawi,Male,30,5,2,0.0,4,4,34,84.34,2.5,-2.03283087731542,-1.13826602694171
159,5fzm3gacx0wafwuedibtul5fzm3gam93,Kenya,Female,25,1,2,2.0,5,4,7,100.0,1.5,0.372739553947695,-0.042822022422415
160,44bg372fvwtebk44bg38mc5pumtzfwlm,Kenya,Male,28,1,2,1.0,4,5,29,21.545,2.0,-0.374654697032843,-1.23406653137732
161,zvanufp68mh5omfwfik3czvanm87ga61,Sudan,Female,24,2,3,2.0,5,5,108,95.395,1.5,0.848251157245909,1.19743579878113
162,fnnms5a15jxycpva52bdqefnnms5a1ow,Kenya,Female,26,1,2,5.0,4,5,34,99.73,1.0,-0.359123686090343,0.440699745775462
163,3eowhlxy3nyxog5u3eod8meh0ptsbmir,Kenya,Female,24,4,2,0.0,5,5,115,99.78,2.0,1.84698631797717,-0.958885360756218
164,tyaoccgrunuctyaocgwfch2gjsmg5u7l,Kenya,Male,22,1,2,0.0,5,5,69,100.0,1.0,1.30665987322499,0.954110076741181
165,05l6oub0uv9icyu2is05l6ojnw00czzd,Tanzania,Female,24,2,2,-1.0,5,4,73,100.0,1.0,-0.671914647976044,-0.856645563299082
166,ko0w240rjz4oj5cxzy3ko0w24oxz3pus,Kenya,Male,26,2,2,1.0,4,5,72,91.375,2.5,-0.169903792776816,-1.74528874828271
167,187jevjy6o4ohl50uyglj187jevak67y,Nigeria,Male,26,2,1,0.0,5,5,85,100.0,3.0,-1.18057729317157,0.742117872351021
168,nwf63wq78xbi16hjnwf63f9wfs5ns49v,Nigeria,Female,34,5,3,11.0,5,5,95,99.285,1.0,0.351231866623705,0.715409875244986
169,5egi6pd163x7yfwpl4l495egi6p6wn3q,Kenya,Female,31,1,2,8.0,3,5,45,100.0,2.5,-0.0786889444723473,0.140087345471312
170,811u27nqhldlzmetfqz811uxlh95en1z,Kenya,Male,33,3,2,7.0,4,4,91,100.0,2.0,0.198424763766555,0.220193032609807
171,tr9o33ti9j6l0fbadxu0q25p6tr9o33t,Malawi,Male,29,3,1,8.0,5,5,107,100.0,3.0,-0.798821672168445,-0.351636565767897
172,jwqper4x3a17h5jugte45jwqpergbc0x,Mozambique,Male,21,4,2,-1.0,5,5,87,50.06,1.0,1.35810588059984,0.935012397318738
173,w2alkm9qq0frbmbs8t2gw2alkyleakm0,Kenya,Female,24,2,2,3.0,4,5,102,20.985,3.0,0.699617679472606,1.24950667179615
174,cssjtb4e1vc7xsnmfncssjtb2yshi01f,Kenya,Female,23,1,2,0.0,3,5,48,99.87,1.5,0.493219976653272,0.304780133735133
175,gro5yse797clukdxjen5h28gro5yse79,Kenya,Male,32,1,2,7.0,5,5,62,70.15,2.5,-0.354866031408342,-1.78613911439311
176,4s0omijvmreia3o21pef14s0omi2nrdb,Kenya,Female,30,2,2,6.0,3,4,10,100.0,2.5,-0.331899100614621,-0.0782853026236907
177,86f02bs2xfk86f0gg3klve5x05h7j8bg,Kenya,Male,33,4,2,9.0,5,4,3,89.68,2.0,-0.552573657778475,0.104844552517681
178,ne4r11k5ktktz6rpfra43ne4r1tjxupr,Kenya,Male,26,1,2,3.0,5,5,23,99.235,2.0,-1.0090739357593,-0.846288831292879
179,e0ydhmcs52k3ecrbwde0ydh2yx6vypvz,Kenya,Female,24,1,2,-2.0,5,5,56,99.99,1.0,0.512060194102408,0.46508067318324
180,vphofd6bpmi7r524xnvphofdohckaxi6,Kenya,Female,26,5,2,1.0,4,4,53,100.0,2.5,0.768302588737162,0.261388827302797
181,yd6poy8gr9z4mzze6oa0syd6poy8gny9,Kenya,Male,32,4,2,6.0,5,5,44,3.765,1.0,-0.152826341235295,-1.21314358766393
182,lchsvtsyjhe809h8lchsjkzzolrubvrh,Kenya,Male,21,5,2,-2.0,4,5,105,16.465,1.5,1.28557986357654,1.25429721038888
183,gukmwrwd1d97dwglot4gukmwrt79h1tz,Nigeria,Male,25,1,2,2.0,2,4,22,70.285,3.0,-0.49676048317539,-1.43465866212394
184,3fopdt11df56ix6di13fop6qhwe93k4c,Kenya,Male,23,3,2,1.0,4,5,64,100.0,2.5,0.474668926124762,-0.0528809485452585
185,xw1jdtyhde6mjzxoxw1j2d96u99j5py5,Kenya,Male,20,1,2,-2.0,5,4,87,1.835,1.0,0.842568354950478,1.01446678266189
186,t3fqzaml96urkq385bt3ji888dwhvkin,Kenya,Male,32,5,2,7.0,5,5,56,100.0,1.0,-0.047367797844771,-0.95652072932327
187,cg3rds27l59barcocg326s8qpybyhsro,Kenya,Male,28,3,3,1.0,5,5,54,100.0,1.5,0.968851245840728,-0.882042961612953
188,dehyainlopvbvck95oqdehyaiznhdlhk,Nigeria,Female,26,1,2,2.0,5,5,48,77.07499999999999,3.5,0.432507805343076,1.26450259178496
189,03xer8xpwrwms18z47n03xfajodug4xa,Kenya,Female,36,2,3,4.0,4,5,15,98.46,3.0,-0.0062975599517261,0.0769849878051972
190,x56gqdkaz1l99d7eb4x56gqde5qgnmvf,Kenya,Male,22,1,2,0.0,5,5,10,67.015,2.0,-1.45497066186878,0.31323931855898
191,hpbkvbr3mgek3frmnhpbkv14yvf9tb3t,Kenya,Male,33,4,2,7.0,5,5,100,76.7,1.5,0.431223075980473,1.0989018245402
192,4ubasrizp5nhtr0au4ubasrivw8hfs8p,Kenya,Male,31,3,2,8.0,5,5,102,100.0,2.0,0.812975554705319,0.349859320979904
193,62ir2fwhxsjpf62i30dyzp9etfp4wqwg,Botswana,Female,31,5,2,6.0,3,2,120,99.545,2.5,-0.659507059396925,0.0239403795745707
194,vfmgui769pwkcxwbp3xpqbvfmgui769z,Kenya,Male,28,4,2,4.0,5,5,115,100.0,1.5,0.890593531208683,0.336993985430346
195,hpz2otk85gasa52fxuljhpz2otxu7ac2,Kenya,Female,23,1,2,2.0,4,5,77,99.43,4.5,1.09507019686913,1.14243002411082
196,ljjrc06i0xno0ljj7b6qdxiqhn5jcy2i,Kenya,Male,30,1,2,7.0,5,5,70,100.0,3.0,0.362679718805626,-1.06262301050694
197,u0pea57e8p2y0emy8gwlu0pejcvpnaex,Kenya,Male,26,2,2,2.0,3,5,80,100.0,4.0,1.80990711941604,-0.967988706759433
198,bhpza8xikl927ibi2mbhpza8x3zdst90,Kenya,Male,25,1,2,-1.0,5,5,75,90.35,1.5,-0.035203743560702,-0.580773963954616
199,l3i49y7ntegnrm3l3i49bmy8dt2irvz8,Kenya,Female,30,5,2,0.0,5,3,54,95.38,1.5,-0.553343219080853,-1.81258060434626
200,wao51ny8ynt8dngfbekwxwao51nmtfmy,Kenya,Male,21,1,1,-2.0,3,3,31,89.87,1.5,-0.544432579721988,0.974330632783029
201,zrrbfnmp6pz68ebzrrbs2n4g8043amm8,Kenya,Male,28,2,3,0.0,5,4,56,75.935,1.5,0.260622280796269,-1.6270551746835
202,rj5bf930x54o0qzetdf4g6rj5bf93vl3,Kenya,Female,25,1,2,4.0,5,5,49,100.0,2.5,-1.32706295618447,0.350624655805483
203,dn2ahep8trip4dnfago37faydv8sbnfa,Kenya,Female,30,5,2,7.0,5,2,17,100.0,1.0,0.0643393692343255,0.503715967969843
204,o26aevhb4bma59rfp3o26aevh4agjr00,Kenya,Male,24,2,2,1.0,5,5,61,99.56,1.0,0.0921101618515704,0.372091671776752
205,5u7z49u291vw6b5u7zat0kyaxks978vl,Kenya,Female,25,2,2,2.0,5,5,100,94.905,1.5,0.768248286989027,0.850210143443471
206,kx08b3g88v1nle12skk2kx08b3ggcz5f,Nigeria,Female,29,1,2,7.0,5,5,28,98.835,1.0,-1.67677006533492,0.184744226797899
207,ux15emb2osq619gozyux15wlma5xqmh9,Kenya,Female,27,1,2,2.0,4,5,85,99.575,2.0,0.51028700696948,1.42238869687529
208,q4b4lesqzakfthiyzq4b4l10vri10ksx,Kenya,Female,31,1,2,-1.0,4,5,54,99.81,1.0,0.756317475025477,-0.0565652812040293
209,jsglqt3zhhut9m33yjsglqtp05hap6p3,Kenya,Female,25,5,2,4.0,5,5,85,100.0,1.0,0.157578142598336,1.37614369175262
210,prgf48o2kfigb1q2w5mlt3uxprgf48oy,Kenya,Male,24,2,2,0.0,5,4,30,99.675,1.0,-1.96811189771976,-2.20387001147126
211,s515c412cv6mtinpyksjs515c4sglexa,Kenya,Male,27,2,2,6.0,5,5,42,90.95,2.0,0.707242275193043,0.660108002006479
212,63g7vqhgx096l5heyh363g7ij03mn18b,Kenya,Male,26,3,2,3.0,5,5,101,100.0,1.0,1.36129164308844,0.903034050316975
213,5ioerp09118tr05iopf30n60brb3u1zw,Sierra Leone,Male,23,5,3,1.0,4,3,18,99.35,2.5,-1.77069529932718,-1.09036565211869
214,66zpsdcubt3igdgp7d9066zpsdcu1f5c,Kenya,Male,27,1,2,2.0,5,4,68,100.0,1.5,-0.0854189239061746,-0.633684533663134
215,yg9jklc320jvvf2hxjyg9jkuq4m2w5ct,Egypt,Female,25,2,2,0.0,4,4,106,100.0,1.5,1.33045134657277,1.67836478905122
216,qh5mb9zzngtw8o1ppef3qh5md52dwtkf,Malawi,Male,35,5,2,10.0,5,5,107,100.0,1.0,0.0895559974614813,0.706816432676705
217,7qj4blv908efmp9bqb7qj4b48brnotnd,Kenya,Female,21,1,2,-1.0,5,5,9,78.94,2.0,-0.572208907208299,0.374416435264504
218,swsch2spausnzasrxnswscegemhs6ww9,Nigeria,Male,28,1,3,2.0,5,5,121,100.0,2.0,-0.336819047900229,-0.0434672839809305
219,xn8f3idaglj13qnsyxn8f3d9zj3wxxy7,Kenya,Female,23,1,2,2.0,5,5,70,55.695,1.5,-0.33452136082176,0.978019127730796
220,dv8g8qc2plftrubdv8g8q4fb05bjmc35,Kenya,Female,22,2,2,0.0,4,5,55,100.0,2.0,-1.06139515860202,-0.869288669950811
221,ahzr1pi6wk2jnjmahzretuxgrj67r689,Uganda,Male,25,1,2,0.0,3,3,107,40.06,1.0,1.00252482868606,-0.049725673747713
222,gmncy9gt7jmuewgm141s3tm3frcesx91,Cameroon,Male,25,2,3,2.0,5,4,81,100.0,1.5,0.998709431575951,0.0095077162592704
223,atttlknvtc7ygqbtnncatttlknohunla,Rwanda,Male,22,1,1,-2.0,4,5,105,83.19,6.5,0.408053291606885,-0.300780429557927
224,r23mc9hbfqk137lf4nr23mcblalwk2gc,Kenya,Female,28,1,2,5.0,4,3,4,20.17,1.5,-0.221608341074227,1.08468098092367
225,5ax053xllekco0y8us5ax059ckezixgu,Kenya,Female,26,2,2,4.0,5,5,81,99.745,4.0,0.325305516966414,1.0084492847139
226,skldsrngcvolejgrskldsrngrxspx1i8,Kenya,Female,27,5,2,2.0,5,5,78,100.0,2.0,0.581818549113924,0.350624655805483
227,dgq7x6k4fk7728dgq7dx2xeiy5a4jf2y,Kenya,Female,24,1,2,2.0,3,3,50,76.16,2.0,-1.02524334765779,-0.470781603791677
228,x2yjxxxe51jwlmvodx2yj2luww7hx1pt,Kenya,Female,22,1,1,-1.0,4,2,8,81.345,1.0,-0.708350001624734,0.252126848657807
229,p2h4tik8sz5lvbp2h4tafgkrq0ko99wh,Nigeria,Male,34,4,3,6.0,5,5,58,100.0,2.5,1.4752312385198,1.51003999817738
230,p952ams1in4371gp952lnir6o5grg75w,Nigeria,Male,24,2,2,1.0,5,5,23,100.0,1.5,-0.846348969128748,0.281569606621701
231,xos6v5exjxrcg5ixos6v0p384g54nemz,Uganda,Female,25,1,2,3.0,5,5,101,87.5,1.5,0.320853119500673,0.0234879481365184
232,tc4hvttmpl7b51mjtci6bnb88pewbccs,Nigeria,Male,35,3,3,5.0,4,5,102,100.0,2.5,-0.796863856901619,0.256911094895352
233,gke7cj76iuazrm7gmu0kjfa1gke7cj76,Kenya,Female,32,4,1,5.0,5,3,20,100.0,2.5,-0.587730915089005,-0.0469333841736762
234,by27uapc7t1oby27w7mkze47cy1zhktk,Kenya,Male,25,1,2,2.0,5,5,83,92.995,3.0,-0.333910780856969,0.490088538412203
235,1b8m5gxmwxqri4ga8eh1b8m5gxmlbll0,Kenya,Female,34,5,2,9.0,4,5,58,100.0,2.5,-1.53856830260582,-1.08913248497785
236,ha3ouxnip27szhha3ou1ykq4wpu4pdzx,Kenya,Female,22,5,2,0.0,5,5,7,99.995,2.0,0.882827167384654,0.0481429167118576
237,p2fjk0yer6f5jndkohlp2fjpqxf576l7,Uganda,Male,23,1,1,-2.0,5,5,7,98.83,1.0,-0.877339598937217,-0.0885664746619308
238,w1gz9zj6njjbyebw1gzswg8opcd9gdyj,Kenya,Female,22,2,2,-1.0,5,4,85,100.0,3.0,-1.28430831958491,-1.77855614065538
239,ctkkoboa7b3frja3qcmraj7pctkkoj47,Kenya,Female,28,1,2,5.0,5,5,101,100.0,3.0,1.10657283664784,1.03724810394939
240,ggq3gq9o4plw86ggq3gq6zf2g5wsdzzy,Nigeria,Male,31,5,2,2.0,5,3,64,99.99,1.0,-0.48035682519679,-1.02114844284423
241,3z5vinpj1dkst4vkq3z5vin4ov4ahygn,Kenya,Female,25,2,2,2.0,4,5,102,100.0,1.5,0.656468885026178,0.196167181051455
242,q22bfr1j1bmm2j1x2nr2z1q22br8g9z3,Zimbabwe,Female,30,2,2,6.0,5,3,85,100.0,2.0,0.0711190285686063,0.664486169792194
243,ue26bkoy3o3d0yywle8ue26bx7u6x7yn,Kenya,Female,38,5,2,15.0,4,3,17,56.97,3.5,-0.527835070911627,0.851891096695153
244,g3c2zfn38u5ms5b4d7g3c2zjq9l38r8a,Kenya,Female,28,5,2,7.0,4,4,110,50.77,2.0,0.314103543447173,1.10907523653655
245,th06cvtzcgt6qgl2v524th06cvtlgk5t,Kenya,Female,31,3,3,-1.0,5,5,106,99.81,1.0,1.13344089352232,0.71363594807738
246,xx8pqzml8uuhtxxx8pns8t95d93t2jrr,Togo,Female,25,1,3,1.0,3,4,25,100.0,2.5,-0.906002261948984,-1.1521359621649
247,8o3tbgn8o3tgac4es4z3ctgga6ftc3lm,Kenya,Male,26,5,2,2.0,3,5,3,94.12,3.5,0.883346424014814,0.0205828650173026
248,pgtffasz2ufermxfrpgtffasc9857d2k,Kenya,Male,24,1,2,0.0,5,5,91,52.695,2.0,0.376188844251788,0.143164115323375
249,bqno2vitsl3l6i71kam2j6bqnowxl3ph,Kenya,Male,26,1,2,2.0,5,5,105,100.0,6.5,0.099474035716116,1.23376938163306
250,qh8zwz55hohonsdhea5a72rqh8zwzbab,Kenya,Male,27,3,2,4.0,5,2,95,100.0,1.5,0.893379894472227,-0.956211279837748
251,13j638fc6t78s1o8tib13jiyrudg4npv,Sudan,Female,24,5,2,0.0,5,5,77,99.78,3.0,0.950024194817465,2.42615239942271
252,rr94blkvc4prbrrr946heyk296aylnl3,Kenya,Male,26,1,2,1.0,4,4,11,74.065,1.5,0.101512256118543,-1.18578941156612
253,nbi57gpltyvnf0bmnwwkanbi57gp9ncl,Nigeria,Female,31,1,2,8.0,4,4,27,89.905,2.0,-0.94176469571943,-1.26447435794284
254,t00noleb2fspgemct00noyt1urxhqglg,Kenya,Female,29,2,2,8.0,5,5,56,100.0,3.0,-0.495938219478759,0.877503181394328
255,ocrp2htfp8iwge4jocrpxcest46wnbf4,Kenya,Male,27,1,3,1.0,4,4,7,75.8,1.5,0.371954103179804,0.0177199035239269
256,z8xuyb35ww9hqr6myvy1jbz8xuyb3yx2,Kenya,Male,29,4,2,1.0,4,5,47,100.0,1.0,0.0531414490626218,0.316785442355508
257,0k234khho6b9h0k234wz1hpd8srcr8u3,Kenya,Female,25,1,2,1.0,4,5,103,51.4,3.5,1.43563299645195,0.918873118479871
258,c058rtxgd3v19xb5hc05aqj6tq3athne,Kenya,Female,25,2,2,1.0,5,5,38,83.36,5.5,0.103951004453035,1.15854041920337
259,znb57r80h8jex5vytznb57ke5k6320jv,Kenya,Male,32,1,2,8.0,4,5,112,100.0,1.5,-0.16418866928401,0.249798532497644
260,n168txxpxgxnoyt7uyyn16ejl5pql8z0,Kenya,Male,32,1,1,-1.0,5,3,46,54.305,1.0,-1.38788414111288,-0.496420174128418
261,zp0p6pe3ycocyxm0tcz2rzp0p6p6ceft,Kenya,Female,24,4,2,2.0,4,5,104,1.86,1.0,1.00366443616381,1.03151732335114
262,eq70rw4x5ltwje8ijeq701kqf1q43hkk,Botswana,Female,23,1,2,1.0,4,4,58,53.14,1.0,-1.69173808532975,-0.0475190648118518
263,w9mcsdbvxpopbooiuw9mbx8aex5kd8s1,Kenya,Female,23,1,2,0.0,5,5,103,97.93,1.0,-0.7541771120065,0.449628596935403
264,9638b8snsyh6mww5h4s9638b10yewznh,Morocco,Male,27,1,3,6.0,5,1,68,97.605,2.0,-0.454669226816499,-0.725081829355585
265,jo4dhidup0vvpseytjo4dh9u4wrj53br,Kenya,Female,27,1,2,5.0,5,5,96,69.32,1.0,-0.566459983491463,-0.962740201936478
266,gtsimw4km5sxreatahgtsiixrscbr6c9,Zimbabwe,Female,37,4,2,2.0,5,5,103,100.0,5.0,0.989428150801926,0.516828846318984
267,56if1jphuckd79qv56if7er24j4pktip,Uganda,Female,25,5,2,2.0,3,4,6,61.235,2.5,-1.38459531203428,-1.74067009755539
268,nj7d9qffec7cfu7bzmonj7d9qf9bs6ov,Uganda,Female,33,1,2,7.0,5,5,1,83.77000000000001,1.5,-0.513346388601559,-1.08236639991553
269,499ckj5zl6cjt3w499cyx92yt4n3l9e6,Kenya,Male,33,3,2,9.0,5,5,6,100.0,2.0,-0.316302753360191,0.134632346805869
270,pwuld6ww39v3cfcbqpwuldbqs54f7z9m,Kenya,Male,23,2,2,1.0,5,5,95,100.0,1.5,0.436660012040137,0.487423897184155
271,ack1p5jnuxvng12gack1zh9ohssdm0gl,Kenya,Female,29,1,2,2.0,5,5,63,20.175,1.0,0.347887396872167,0.919737018568586
272,31oy66n40ylx8l7aa31oy5w2wufzxxbx,Kenya,Male,22,1,2,-1.0,5,5,85,100.0,1.5,-0.40334946645764,0.0284124053337329
273,3f9acwg9shzyzzxky7shq3f9acw26mff,Kenya,Female,41,3,3,0.0,3,3,102,100.0,2.0,-0.0566679550143771,0.529513533066661
274,iy95873i3m26ip9srj1oiy95870a4qib,Sudan,Female,24,1,2,0.0,5,5,69,100.0,5.0,1.35642737175446,1.5613978549268
275,mi3tz4sqgxygg0qokbjyzjmi3tzbyfaq,South Sudan,Male,19,1,2,-4.0,5,5,102,16.38,1.5,1.59264874348864,-0.883153902636179
276,drnd31oc8m03xe4mdrnd34we91hwktg8,Kenya,Male,21,1,2,-1.0,5,5,2,98.765,2.0,0.840005275464839,1.29861577302881
277,trlz3yrnioswtru672ghl22dcihx7u67,Kenya,Female,25,1,2,2.0,5,5,56,99.545,2.0,-0.75944928554693,0.129603279020416
278,ijiihi90rpwddlt93t1dijiihiuzp44k,Kenya,Male,21,4,2,-1.0,5,5,84,89.78999999999999,1.5,-0.227507678020974,1.12165632827691
279,ni7oh3j6pmxb24jgbini7oh354nha962,Kenya,Female,27,3,2,5.0,5,5,87,96.84,3.0,0.973034785441271,-0.923105347618926
280,1otw1ppzaqy0y911otwjclaykxo8c299,Nigeria,Male,29,2,2,8.0,5,5,72,100.0,2.0,0.645712727297265,1.0626946703112
281,oly8zaigk2x0zll8ipyoly8zaig72mdn,Kenya,Male,26,1,2,1.0,5,5,66,47.13,2.5,0.227808496298054,-0.0007200819607271
282,5ttwqotja6z0t103syi5ttwqpoyv4bq7,Kenya,Female,30,4,2,7.0,5,5,104,100.0,2.5,0.810160795582459,0.489707630431605
283,5l0wp8rzh9q5h2s0qbc6j765l0wp8rss,Kenya,Male,34,2,3,10.0,5,4,91,99.795,3.5,1.0205482489492,1.11060962263068
284,o4oz5okfub27deenowpo4oz5okffzmug,Uganda,Male,27,3,2,4.0,5,5,1,100.0,1.0,0.601518735888473,1.1690354282444
285,3ui3fr27ecv320a7bh3ui3frdpvu4a64,Ethiopia,Female,29,3,3,1.0,4,4,0,10.395,2.0,0.688480807848103,0.393556739142802
286,u9yj2j04fxwi278450t8u9yj2j3d57in,Kenya,Male,22,3,1,-2.0,4,4,66,100.0,1.0,0.636004190797745,0.675109770818118
287,7263ef594w2yapi72630belkb17p84od,Kenya,Female,24,1,2,1.0,5,5,78,74.935,1.0,0.419921351048706,-0.658495924270353
288,ocdfigspi1l5s2mzjocdfigsow1s9pvk,South Sudan,Female,25,5,2,0.0,3,2,92,100.0,4.5,-0.191010708970748,-0.0025017112431804
289,was5ep7yxkg58zamdwas5e3wusnembuf,Kenya,Female,32,1,3,7.0,5,5,7,100.0,3.5,1.33723848844581,0.0417821533017465
290,fxkihhs364a61i83hufxkihhwbtb5nld,Kenya,Female,25,1,3,1.0,5,5,42,80.055,1.5,-0.535717868149736,0.917156574031731
291,rayqhjw1pz5ra7129m30rn3q4xssz712,Kenya,Male,30,1,2,5.0,4,5,9,100.0,2.5,1.12989409684565,-0.909639942078292
292,rz0akul2i4impitb804bfjn4rz0akubg,Kenya,Female,33,1,2,2.0,5,5,69,65.19,1.0,-0.376153605427478,-1.89638833847814
293,hkt8bausup2a3ouaqdrjg6hkt8lmo36p,Kenya,Male,25,1,2,2.0,5,5,52,100.0,1.0,-1.59885140312193,-0.0465398132409407
294,sbn64sqqruo82t9x3p00h8sbn640cbe7,Nigeria,Female,27,1,2,4.0,1,1,84,100.0,1.0,-0.779990348735872,1.00143714556318
295,xpn56qsxjvctdrhoy0mxpn56m57qjuqj,Kenya,Male,24,2,2,1.0,5,5,1,100.0,1.5,0.369736119437052,-1.27924524044554
296,1p1j2tn02k6nlwokqdmt1p1j2j6d5v8t,Kenya,Female,25,1,2,2.0,5,4,82,100.0,2.5,-0.0557784255068396,0.718582662855773
297,u9slr80r1wpgw011sju9slrn0mhdrjfq,Kenya,Female,28,5,2,6.0,4,5,84,87.86500000000001,2.5,0.706967479827616,0.138356960960193
298,jb03tyyzxssucc5mcgpjbjvdt6s9w3cw,Kenya,Female,33,1,2,10.0,5,4,9,97.595,3.0,-0.0036458061000901,0.693379770575697
299,yzwax6ks8s372sdjnyzwaxh82zrk84ew,Kenya,Male,39,5,3,-1.0,5,3,39,80.055,1.5,-0.743046957984129,0.196510722710899
300,u1hfd1sk6wjoe5ltu1hfuke4sbfh3rah,Kenya,Male,37,3,2,7.0,3,3,79,97.585,3.5,-0.564021017318704,-0.580211892585674
301,lj2n9ve6zsfl7yedelj2n9vn8swgotp6,Kenya,Male,23,2,2,2.0,5,5,1,95.08,2.0,0.692891352089986,0.509989237551809
302,onlvc694knacc2a62qonlvc69zi21itt,Kenya,Female,24,2,2,1.0,4,5,5,100.0,2.0,0.248506338249263,0.250617207428644
303,zhav22agndjo1zhavn6j501tox2o2hyn,Nigeria,Male,32,1,3,0.0,3,3,76,100.0,2.5,-0.203453548815665,-0.0958349617390122
304,hc94ajdvv78nr4wrhclykycqy1qhbvwx,Kenya,Female,24,2,2,1.0,5,5,1,100.0,2.0,0.726348347721244,0.0480850387734891
305,5vym4mdp3x296yd55vym4mdactemijpo,Kenya,Female,29,1,2,7.0,5,5,73,100.0,1.5,1.53939541055267,1.1144987808892
306,euxqzwcyrmb4fv5g3a5g57reuxqzwciq,South Africa,Female,32,5,3,-1.0,4,4,36,80.86,2.0,0.46923842670341,1.46043164006319
307,er0sut216f5z9f2pcgdbsoker0sut2to,Kenya,Female,31,1,3,-1.0,4,5,67,100.0,3.0,-0.202900581824358,-0.208863057185507
308,dcyal0gos4idcynfegav2vowoqzwb0nf,Kenya,Female,28,2,2,6.0,4,4,1,98.955,2.5,0.597075287680468,0.193360386766219
309,mdw8u5ktwl4jxnpu3mdw828omu8tjunz,Kenya,Male,26,1,2,-1.0,4,5,3,54.83,1.0,-0.434474379512458,-0.268842319029077
310,dn5x85o9e5s6v4k59uds9ndn5x851p4c,Kenya,Male,27,1,2,3.0,3,5,0,58.945,1.0,0.162851683158367,-1.62034370700512
311,hlofoo1gnmwvw9gihlofootf2c433br4,Burundi,Male,30,5,2,6.0,4,3,1,97.655,2.0,0.867994458549598,0.0465324853373411
312,lvvqpv099n5vdgshhk6k9lvvqpv82ato,Uganda,Male,25,2,2,1.0,5,4,1,100.0,2.0,1.82747102134271,-0.378074005177602
313,wb2rfnksm9l5y93m7wb2rfn0nkqbsf71,Kenya,Female,24,1,2,1.0,5,5,1,8.64,1.5,0.597021259106058,0.511749193119861
314,6bqygpgd5jtlfpt4n6bqaf3fnoduxer7,Kenya,Female,24,4,2,1.0,5,5,1,100.0,2.5,1.10445018154959,1.65234187523842
315,r1n1pj8c2tclj33ber1n1c7wgwj367k0,Kenya,Male,21,2,2,-1.0,5,5,5,69.185,4.5,-1.31653671978849,0.352417861944431
316,kyhqkg3sebkohhnftpkyhqkeux83wxnu,Kenya,Male,25,1,2,1.0,5,4,0,99.735,3.5,1.03351401621795,0.534950849606274
317,73xfy8xk0151539w4kv7k3q73xfy8mbb,Kenya,Female,22,1,2,1.0,2,5,26,100.0,7.5,0.322538410721548,-0.0135834892574214
318,orv0dk1b0tw0prg77g7orvk7y8ik5cdr,Nigeria,Male,20,1,2,-1.0,5,3,3,99.64,1.0,1.00086453955836,0.438869925817026
319,jbu98b4o2s4ag10yvwjbu98b4igbedqp,Uganda,Female,36,5,3,-1.0,5,2,27,77.03,2.0,-0.215061785351137,-1.04613979762325
320,41y05gwa6d05kvnex41y0sy6gsyqvv1w,Kenya,Female,33,2,2,5.0,3,3,2,100.0,3.0,0.274915302571357,0.514415406365114
321,lq1y5yafsuvvg49uu1rlq1y5yq93hn5i,Kenya,Female,26,1,2,4.0,4,5,26,100.0,2.0,-1.4584960622156,-0.113153746709885
322,7xx4m668988sqq9rjk7xx4mf2kdn983o,Uganda,Male,24,1,2,0.0,5,5,35,8.12,1.0,0.563350123764019,-1.24676717958765
323,rann316ephkgqyp3ranne7htswumz299,Malawi,Male,26,5,2,2.0,5,5,17,100.0,6.0,0.515554796832171,-0.916956248845548
324,0b8e0qqpn6jhq0xy8za0b8e0qw0kkgd9,Kenya,Male,26,2,2,4.0,4,5,1,100.0,2.5,0.210747701052803,1.11674493720962
325,ykyysc9wv6cva6ul5srykyyscab6cff6,South Africa,Female,27,1,3,1.0,3,3,3,100.0,2.5,-0.585632072457907,-0.27329564192707
326,s4t11b0ua540bg1qcx70ns4t11b0u8o7,Kenya,Female,21,1,1,-2.0,5,4,1,87.33,2.5,-0.529405446521496,1.03778238428206
327,zeovpwn5umbm7zvxzeovp6p2csi81frc,Kenya,Female,23,2,2,0.0,4,5,1,100.0,1.0,0.187302022466108,0.509965132112664
328,umz9ulyxpwzhp4e3q6t1fumz9ulyi6tt,Kenya,Male,26,2,2,2.0,5,5,1,99.73,2.0,-0.667756852533365,0.212765318232306
329,jsv5mq1km1877o9nazjsv5mqwdinik4e,Kenya,Female,32,4,2,7.0,3,1,5,68.02,1.0,-0.279351578437874,-1.32375629523137
330,7cd5cl7r9udhn4vqw07cd5c8uhen8nur,Kenya,Male,31,1,2,8.0,5,5,4,18.84,1.0,-0.794498477874656,0.562816417502259
331,tpyt6ju2d1x8hgtpytzvths9ksar4uaw,Kenya,Female,21,4,2,0.0,5,5,4,96.355,1.5,-0.154208489874365,0.994987174622501
332,j3mbi1qa3f9hega9oj3mbfwcajsoyoo5,Kenya,Female,25,1,1,0.0,3,4,1,100.0,1.0,0.60382183372162,-1.04103775641041
333,a8zix8ws3nem4td5wdza8zix6emhaibg,Kenya,Male,32,1,2,7.0,4,5,3,72.44,1.5,-0.97408458417532,0.178277116645231
334,8i4l2cpq0pg2v9ftr38i4l2cocvivcoa,Kenya,Male,24,1,2,1.0,4,5,1,100.0,2.0,0.874926905912654,0.258394218552521
335,bauv6igdp8u1ymypebauv681s7p1fo5s,Nigeria,Female,26,2,2,-2.0,5,5,53,100.0,1.0,-0.729334111020708,-0.837762769388823
336,sxbzvpy8t3bgvggyrxsxbz3o7hf4dq6u,Kenya,Female,27,5,2,3.0,5,4,60,99.785,1.0,0.187048201093427,-1.34757384392441
337,dbzfi5z0e60oa7cseg9udbzfi5zi7hoh,Uganda,Female,27,2,2,4.0,5,5,64,99.935,3.0,-0.420422591139512,-0.0692343822235755
338,jbexnxwa8sxidivjbezxrdw9neyv3vky,Kenya,Female,29,5,2,0.0,1,4,64,100.0,1.0,0.562294719227595,-0.0689714748657299
339,bfagvkodjtyq2ybfvbeqkbfagvkoa74p,Sudan,Female,25,1,2,0.0,4,2,20,94.38,2.5,0.51152546339305,1.37480296074721
340,r0216835cfrrz25ag2qr02168r27158c,South Africa,Female,36,1,2,2.0,4,3,45,100.0,3.0,-1.03853887344017,-0.597127435066833
341,you3t8e0by7vhs2nyoun5yw72tsmglcw,Kenya,Male,20,4,1,0.0,4,3,61,100.0,1.0,-1.21396622189281,-1.3149480065426
342,35l1x29g4pupadqqim4rg35l1x2tfymc,Sudan,Female,22,1,2,-2.0,4,3,41,100.0,1.0,0.133576878446658,0.306836931939118
343,n4iixbxkcypdn4iij784urw2e0mcoea7,Kenya,Female,29,2,2,-1.0,5,3,46,79.715,1.5,-0.761712706398103,1.72191744471882
344,cjo9z2pczpp4zwwsqwffbcjo9z2pcrm5,South Africa,Female,33,3,3,2.0,2,1,68,9.78,1.0,0.896536353631621,-0.96460280043253
345,ku1hsekchmbvzkuanoe1spy1weh9zrbn,Kenya,Male,25,1,2,1.0,5,5,58,97.04,2.0,-1.49736229078096,0.679672580651042
346,6ndiwwsi2of7hb69o6ndin0pqyehzk7e,Kenya,Male,30,1,2,6.0,3,4,42,99.69,2.0,0.0086220512562151,-1.21674166085604
347,83v15uckleiiglwo83v154wnvd7g9ujx,Kenya,Male,23,1,2,-1.0,5,5,56,100.0,1.0,0.268952246080784,0.76934200599876
348,jc8x4jb1wpv6y1nqf3bqo9jc8x4mjzqg,Kenya,Male,22,2,2,0.0,4,5,82,38.05,2.0,0.456222582453145,-1.11902243353826
349,4d5aba0ldmv7hgqm76b4d5abxhtrmu20,Kenya,Female,26,2,2,7.0,5,3,18,100.0,5.0,1.10039118944975,0.323812477548024
350,d78y1uffqocmh6wts0b8syd78y14xcmc,Kenya,Male,42,1,3,9.0,3,4,1,100.0,7.0,0.237721282490431,0.693707421547155
351,8f79fuc3bh7p20o8t9pfr8f79fuc4r40,Kenya,Male,38,5,3,9.0,4,4,78,100.0,1.0,-0.794754830152184,0.285752317937776
352,kwmlvx3h55bawgoaa6kwmlvxkwa2ed10,Kenya,Female,28,1,2,0.0,1,1,1,84.005,3.0,1.21475813545311,0.296771781412347
353,ya3ruwg4uh8z3zya3r7sx8jpbnz56gwx,Uganda,Female,25,1,2,0.0,5,5,1,97.97,2.0,0.656498189958642,0.300013971193192
354,avcfkg6crea633dknavcfkwocr6kn0h1,Uganda,Male,27,2,2,5.0,5,3,69,100.0,2.0,1.35014786794663,0.483436503260891
355,os6v72d3ed2io67qgjos6v72gfw6ru61,Malawi,Male,40,2,3,1.0,5,5,1,100.0,3.0,0.847021962096196,-0.450005348645668
356,i6d2jz6egmjv4f9ge0i6db30pazczbj5,Kenya,Female,24,1,2,4.0,5,4,26,100.0,2.0,-0.640229177247075,0.262593297286145
357,j4o64z93a6in7x2isj4o643d5yxz4xj1,Kenya,Male,30,1,2,4.0,5,5,1,100.0,1.0,-1.81981935600956,0.240215428614186
358,egn372q9qa7mre5htegn3770rzjr3aw6,Uganda,Female,32,1,2,4.0,5,4,59,100.0,4.0,-2.02291283924319,-0.804258173541259
359,7qj477rupz3qt8f1v7qj477ro6p6qucz,Nigeria,Male,36,1,3,8.0,5,4,5,100.0,1.0,0.329836840993714,-0.501899334808573
360,cio7fwsd78beklavycio7c2af7ttjtcz,Ghana,Female,25,1,2,3.0,3,3,12,87.785,1.5,-0.486662845292142,-1.13707531636133
361,up1s22n39gdp4vm3up1sfs02kfvg55jo,Kenya,Male,36,1,2,11.0,5,4,3,100.0,2.5,-0.12071137908876,0.0181510687788977
362,pjqximdfunuvf8p8d5sdpjqxx540ullr,Kenya,Female,19,1,2,-3.0,5,5,1,80.16499999999999,4.0,-0.0029233482933274,0.0441193292229152
363,3v1vga8e9sn5p4h8g3v1vgo5zkasi2sh,Kenya,Male,24,2,2,1.0,4,5,1,100.0,1.5,1.49538290641332,0.23517851847076
364,wg4swri7z0dh3lrdvwg4sw2i5a8ii1pw,Kenya,Female,23,3,3,2.0,5,4,42,99.44,1.5,-0.630438475100417,-1.44184668783337
365,17e6zo2imvw3k17epzifqjkd67haykuj,Kenya,Female,28,1,2,5.0,5,5,4,69.1,3.0,0.703946258760658,0.359446204335133
366,q7es9cjn387xxnin4qq7es9cjer5xuqj,Kenya,Female,32,1,2,8.0,5,5,9,84.16499999999999,2.0,0.942069935668911,1.14516555819275
367,rdlby7kipu97v5vrdlbyvueh2muo2zrt,Kenya,Female,27,1,2,6.0,3,3,28,99.98,3.5,0.206645139397954,-0.458489267977483
368,9svvu9p4q10a9uier9v9svvu9pprflv7,Kenya,Male,23,1,2,-1.0,4,5,2,100.0,1.0,-0.56156794967738,0.282776340266363
369,8z87vpue2gukb5f9xpt918z87vpukowf,Uganda,Male,36,2,3,0.0,5,5,1,100.0,3.5,0.413351758664118,0.858428069890784
370,zf0vrvhcno3tcnozf0mrd3hmgqts0xbu,Kenya,Female,32,1,2,7.0,5,3,8,100.0,1.0,1.15706309217089,0.32433484235004
371,gu2ablcbzqwirkorbx5hgu2ablcv2zkn,Kenya,Male,29,2,3,-1.0,5,5,8,100.0,1.5,-0.12442499751094,-0.454667346119139
372,cnk2hu5osc1gq04xcnk2hu51tfdny512,Kenya,Male,27,1,2,1.0,5,5,1,100.0,1.5,-0.148912624625306,0.315965473807644
373,wfdkm2v0yem7sakqrfud6owfdkm2m6nk,Ethiopia,Male,26,1,3,0.0,5,5,2,89.00999999999999,4.0,0.0730852900794104,-0.729763274471149
374,0qm5z2p4tuj0oplavxr0qm5zhv0y85lz,Kenya,Female,36,3,2,11.0,5,5,3,96.22,1.5,-1.65720239608471,-0.3346986263465
375,4jazeieyf2l57p34jazeunknatt00ws0,Kenya,Male,25,4,2,0.0,5,5,1,99.13,1.0,-0.386980836344822,0.125455235512617
376,79faxjb598govq79favjcuh0zuwhglmz,Kenya,Male,39,5,3,1.0,5,5,12,99.975,2.0,0.826633567064656,-1.11454245072816
377,ds9noeeqk6a938teo9ds9noeedix9omf,Kenya,Male,31,4,2,7.0,4,5,120,66.58,1.0,1.03263481999323,0.326499562752784
378,2606khtajech8a6l4h402606kht6db6u,Kenya,Female,24,1,2,1.0,5,4,3,100.0,2.5,0.53461211212187,0.581700421249122
379,bt22cackd6uiaw0a4bt22cf5xejj1fyc,Kenya,Female,37,5,3,-3.0,4,4,2,100.0,3.0,0.836310182393766,-0.577773804552183
380,xj4rlx9pu9ekttdc62q5f4xj4rlxgidv,Kenya,Male,23,3,2,-1.0,5,4,5,83.925,3.5,0.600726364067008,1.28551474643063
381,bocohydfoomgzvbocoljajn416j46gqt,Kenya,Female,22,1,2,0.0,5,3,9,99.92,1.0,0.399636201280222,0.0745569210359387
382,3n5ztp2mhwvgd8ph6l1s3n5ztp250xp0,Kenya,Female,33,1,2,9.0,5,4,6,96.55,3.0,-0.529519717984338,-0.161436381718607
383,41zayoqoto488tz9r8t41zayoqf4a3yf,Malawi,Male,36,1,2,9.0,4,4,2,100.0,8.0,0.660342550557896,-0.133210831922464
384,i07izj2ecn88m9fwfi07izj2k7ar6hys,Kenya,Male,32,3,2,6.0,3,4,113,100.0,4.0,1.06142606310273,-0.258572851175764
385,jvox44puzlh16w6e6jvox4chozqow2ml,Zambia,Male,28,4,2,2.0,5,3,2,99.99,2.5,0.944881654623697,-0.916130433704649
386,g94ab9pawaestzgjhzzfg94ab9zhvelc,Kenya,Female,29,4,2,5.0,5,4,99,100.0,1.5,1.26271419162423,0.932509876162056
387,tkgekylnropdtkge02z5gul0tots7v0g,Kenya,Female,22,1,2,1.0,4,5,1,53.14,1.5,0.187810071724321,-1.15451003683353
388,4ku9e93z34tx1sud2aic24ku9e93zt4i,Kenya,Female,30,4,3,4.0,5,5,102,84.11500000000001,3.0,0.719693527664991,0.911570503850524
389,9q06ecssm7tizsi959q004llhdi7a4ki,Kenya,Female,23,3,2,-1.0,3,4,109,99.825,1.0,0.0170232092823675,1.45479354452696
390,4b5vg6d6q7c56kl2b564bc95u29wky3e,Kenya,Male,22,3,2,-1.0,4,5,104,100.0,3.0,-0.865073129879985,0.484649226797164
391,ke58yhq9mmh6ncmapke58yhzo5xgry0n,Kenya,Male,27,1,2,3.0,4,5,2,90.9,2.5,-0.278273347002797,0.464692795869621
392,qazlufd3q5m72vk5l6qazlufbfihoijt,Kenya,Female,24,2,2,2.0,5,5,2,49.55,3.5,0.175707113513075,-0.725567335791814
393,9f4r3ecrqvfq3uec9f4rco60yq7hdhca,Kenya,Male,27,3,2,1.0,5,5,5,100.0,3.0,0.0385576133999036,-0.151584518037547
394,4xyefrptdbmeu3qw4xyel1xhv53n3xkg,Uganda,Male,27,2,2,-2.0,5,4,2,72.91499999999999,4.0,-0.909426483213777,-1.26915609339876
395,nxltkigi2vcj8o9sp8pnxltkigyc5cgn,Sudan,Female,25,2,2,1.0,4,3,9,99.83,4.0,-0.66124121594918,-0.483025419781713
396,7fxablfdcmwvvl5ukhfn7fxabiotb2o1,Nigeria,Male,26,1,3,2.0,5,4,5,100.0,1.5,0.572157798394153,0.606999578667427
397,np1iz4io7d5izuz4c0eesuinp1iz4vlr,Kenya,Male,35,4,2,10.0,5,5,82,80.235,3.0,0.500670385954991,1.00823897315698
398,xgwt6sp18ubgestkih5j9xgwt6puj2dw,Kenya,Male,22,1,2,-1.0,5,5,78,82.03,1.5,-0.808419193246974,0.332561328076643
399,5yslgpjkaa2fbkr99i5yslgpdb7wprlv,Nigeria,Male,27,4,3,3.0,4,5,82,100.0,3.5,1.49311454986299,-0.317225516925073
400,fmlp8knieyxhm034o3fml33s3cfvgxtw,Nigeria,Male,32,2,1,5.0,5,5,84,100.0,3.0,1.37339020399377,1.01059841633615
401,w0jlp9emmbs1smw0jlp90aqqvgz4leit,Kenya,Female,26,1,2,4.0,5,5,80,100.0,2.5,0.140036174885822,-1.05839836727241
402,ebtg9ix1ozeij4makrebtg9ibsva1qxp,Kenya,Female,29,2,2,8.0,5,3,39,98.81,1.5,-1.01876553701919,-0.251273291108931
403,zj79jnpj8g2un7hwsdzj79jnp5poriut,Kenya,Male,27,1,2,2.0,5,5,71,84.42,2.5,-0.238605033447242,0.628458202121848
404,5894czyx25vb6o40k5894hvdq5nrntd8,Kenya,Male,27,2,2,0.0,4,5,75,100.0,1.5,-0.266698219588615,0.507796240060707
405,2cs2j497wkcvsxxs2cqowquu18kuj3hz,Kenya,Female,22,5,2,-1.0,5,5,71,100.0,1.0,1.11264983993925,0.919631627823262
406,t75spdna52vh89r3tkd11t75spdforgw,Kenya,Female,25,2,1,2.0,4,4,22,94.615,2.0,-0.121540381522265,-0.256567016073442
407,g6y8tibmjm32p03jn3dg6y8tl20mcxyh,Ghana,Female,28,1,3,-1.0,5,4,52,100.0,1.5,0.233882744682955,0.798600944301509
408,i2wubl2wudchjm1i6znpi2wublhtv6cf,Kenya,Male,28,2,2,5.0,5,5,58,100.0,1.0,-0.0624603228337214,-1.83247979210917
409,03o795a6ewbzoc9w03o7916m09n9ec6y,Kenya,Female,31,5,3,1.0,5,5,23,100.0,1.0,-0.0555029771201295,-0.17440748037291
410,0r5luri38hcxgs9p0uj0o0r5lu4n9r54,Kenya,Male,32,3,2,6.0,5,3,35,94.22,4.0,-0.726794839567013,-2.02498169121408
