"","ids","learn_scores","cog_scores"
"1","l57iwxvbsb30sjpuy45hil57iwntda7l",0.606953837767116,1.20440365281476
"2","hml6linh2hxbyusch5khml6lxf31xwnj",-0.923318495247204,-0.0747726274096635
"3","mxyvt2njz01ozvgiam0y5jmxyvt2dsw5",0.969199121041479,-1.39369367236651
"4","er329a654xjyg4w954ccpaer329az2ct",-0.0570072231787385,-0.0980853203386127
"5","lqmsqqqpqf86dkqi63rtgep7lqmsqqng",-1.00846969441874,0.295806384243605
"6","zgz99euhlazikmeym4izgz99eu797hm0",-0.497429716767835,0.669481632543313
"7","jttlvk8lin0b45zhm2jttlvkjue38spn",-0.860460584439345,0.0908958401200786
"8","c5d284y0lbntgkk3c5d284oztrpbtp3o",-1.45582202390833,-1.43740707459158
"9","ey17flrkpgpere6a9oey17ndj3ot2nyn",-0.0990079041941946,-1.48308961841734
"10","20kwiyjcppv600bcn520kwicwgz1lf19",0.0520811081594333,-1.68029535659098
"11","co3812bm0p19rouqtbimt3ajco38122q",-0.405853794543041,-1.11077988502406
"12","zpzv7dm2n9uy1qnyb6orzpzv7mkcsz9m",-0.127576273678752,0.735683018298108
"13","xvpng2nv9mfvscxvphl8clw8m2vd783m",1.21629604344665,0.746662436841672
"14","63v9knrd3al1qervaj63vxocafk7h55z",-1.23978570432946,-1.07070497198582
"15","2trhovawercokmtln1e97112trhovaw2",0.934012304817344,-0.197941376818714
"16","g6qcsjhp0ksj4vq66g6qcsu386uwm44z",0.097005690193457,0.473750592750541
"17","vbeyhmfo1vau9f24tvcvbeyhm0hwytq5",-1.76988091035904,-0.984875716658673
"18","1drqazmezh5lyzw1drqeijyjiaghupul",-0.484779889209078,-0.806463159788602
"19","875nfbagpbkjqwyehi875nfbknlbdvgo",-1.84080627820397,-0.989753699570762
"20","qhsy1rwydskpr5kbjl9qhsy1rw22mpw3",-1.35781307762034,-1.77786393506665
"21","32rcnt93k8yh5wsv9132rsapf7mamzn9",-1.474353275632,-0.673947307890603
"22","va7x5zm3koad9y3khova7x5qrxw5ylw1",-0.408647430065144,0.4138489857339
"23","2b6xmqc53oldbsg2b6xgun5jf0x1zrnl",0.56216338237087,-1.29040305803477
"24","npnyhbkdo9jl7e7mnpnyhbkzrit0d15v",0.862585344679623,0.287707194164808
"25","9ablclps7lqgjwgma9ablj7h7z7b3ir2",1.05845537877655,-0.804494216245171
"26","7uvnzwpuw5trwkkbw7uhw9r5dfqqtoiu",-0.237179975358663,-0.876446161860519
"27","iuazo1zkzkua0deo6lhiuazo1dwmxcal",0.329008889978285,1.04089754320696
"28","9v53vpugb0mxr3pq49v53vaz24428vpi",-1.34083372852685,0.544726034208987
"29","8bc8ycwgo4en8c88bc8mpufa1ttauhnn",0.912157015271439,0.943816696917387
"30","6959nzpkydaey0qlu37l6959nz16vk0t",0.877790428705629,1.14137723961975
"31","by28mj42bpbk9pabzo4fg6oiby28m2a4",0.204752028168893,1.13490306820324
"32","87oz66mqppm9bgyc87oz66p0mja3mb3m",-1.06024413701374,-0.536749153535249
"33","9ohx6kc95t4xjnqq9ohx6k04n09m15dp",1.14132519841558,-1.41968758364196
"34","6j1heznmflnwsb4o6j1hezn53h8yl10q",0.863004058519324,1.37477903999669
"35","10m2cyzw0nsk10o1xr2d0u7n8pugc2jr",-0.355101825030971,0.0460261883414313
"36","j61a6zqhqbxnrxg426syj61a6zgxpk2e",1.93231712377347,1.13284292833725
"37","h0zp8qkts3yq00h0zp26mroxn0di0wek",-0.112621838835893,0.446654773640558
"38","ffbijrfsqjsh45rff3vaznab1ltf3vaj",-0.830523953588441,0.606167147125661
"39","g9sbwxwb1rvgx4jeg9sbjotgkcyw0613",-0.615647973694439,-0.872022208824777
"40","i35af7tm1rbitux6y41oi35af7th36in",0.29526728940087,0.345573623489415
"41","rw3wxdix70y30hprw3wwuuid9eiu4v1q",-0.634623545820966,-0.133289101575683
"42","xx072art30iksif6ejqxx07o6ry9mh9g",-0.856206283967161,-1.7086680974163
"43","gw8gxe1qohgp0wi20pgw812d8wi23n7t",0.853032914782319,1.18266268651878
"44","6zski6cl6gcl1lesm6zskmetstw65sg0",-0.233790112292442,0.58965963251911
"45","mjx1hq8mb5p9ra3mjx1hq8ftpuu9g7vl",-0.517980671470762,0.0710690350303529
"46","5vfwyx1vjw01871f3f5i845vfk6rwuu8",-0.743235098449435,-0.313261395396629
"47","f0fv3k16ixwf5nf0fv3kjgk2xf7khotr",0.685798642528063,0.228327590497676
"48","0m4vlu0jb1h90m4wsc8e9vqr66s9gq48",-1.3896606421958,-0.544683417426919
"49","lvinkgz4r6quz434r4lvinkg441qqd67",-0.664639644202276,-1.88615334959695
"50","lro1olonaldi3eup90q9lro1ole0vey3",0.564653037378595,0.429646157250346
"51","9yop6ih3oo10ksglnm9yop6iwqz5y6p1",0.180467274531591,0.873817440900861
"52","qtr6a70oh9gzhuck7gli23o4qtr6a70a",0.155130984686537,-0.345463002690853
"53","4rvg8h85qnn3r44rvg8ndvia20541727",0.638521929520967,0.219928688097847
"54","c6v0zrhm1qsr9jdc6v0z9q3p5g01j9mf",-1.02760982494488,-1.7037719984765
"55","rlz2wsriq48vgdrlz2wbo1y176t16xtx",-0.34910719308219,0.0318912629635857
"56","5e4y2ft4xjibgbamic75e4y2hzxhln2v",1.31072981590155,0.129107809108249
"57","9eeea3gl19rhwnt74ykg9eeeabunqx66",0.364883151399407,0.777108656139212
"58","t0f30j01gu8s4mt0f3tftu2mj6de3123",1.5357346408352,-1.31248100412758
"59","da4fpwzwdxgd9948l99da4fpwfcup147",-1.2859213589481,0.221719895338897
"60","zcjopyb34jfzrtkkzcjourzg3gfcr82g",0.205214333310891,1.24647655415655
"61","m738ldm3mf9nk42p0m738ldhydbsbd94",1.760374024158,1.05862625859621
"62","zb89cu1hnahydarlyjcn5zb89cu1holu",-1.14970131776045,0.661925312003231
"63","seyymhw7q5gne92nb0trpseyymhwsogj",0.473072564456358,0.194813750520481
"64","53xyonmf7lqe8n65253xyoz3a19jdl3l",-0.0453832387777391,0.0912645543810911
"65","mkea71qkdncj6rtw2mkeablmbxt49kj9",-0.166969526284682,0.408385837143034
"66","o52llskwbxyit58ei6v79o52llskrt0p",-0.0504514001407578,0.656503962969808
"67","mji6or0ulw3wj23koiokbmji6jmw2m4a",0.441154564646679,-1.73889008593645
"68","5p7ppuuu2nhlul6ip3uk4s5p7pputl0t",-0.693259527366905,0.106623594818553
"69","elpy71hb4dfn7sthkaelpy71hgaqibbm",-0.547929107666123,-1.41588553281081
"70","n6kozh5i3wrcjq452vqmvzqvn6kozhhf",-0.599099372669475,-1.06825442349783
"71","n2g2h5vputc8td4ktzcn2g2h54y5l2jt",-0.657561015841337,0.159558989504418
"72","3vvnzsqmmud9bam4yh3vvnzs1jmg97mc",-1.18170178297371,-1.60231893346486
"73","eao59oko97266znstqeao59q6d2a14xa",0.697204803134274,-1.03797777489517
"74","m1x080sk6npaq73ha5m1x080sdoefva7",0.108488676011863,1.05698950443139
"75","oywvfds7atc8whwwooywvfds04gtfsqt",-1.43455757698434,0.593262102473506
"76","1qaehr7wd64aihy1qaehwox9llzbzo8z",-0.771403967735826,0.291820198849712
"77","7ipx1u6zthqmcbt50x1jdn1j7ipx1u6l",-0.137412385035358,0.871880823557451
"78","zyhmv9czf9lvggmdfucozyhmvqf6aiga",0.670942013979473,1.44040425582572
"79","wa7jdogzz4y2be4lxiwa73dvfqcttgo7",-0.157012375920401,-0.569989211017882
"80","phsk6rmlx0drxgd1phsksg1ak2zptiqw",-1.21214733176885,1.04207823769962
"81","osh7o5s2h28ihaoshwap92qplfchasec",-1.37930258434676,-0.810051649722679
"82","ntqayekfzq4f2fvjzm8ntqa4101miomi",-1.12202664204691,0.125459756416764
"83","6x7je44uyn1c0n6x7je4khrkjku27zqv",-0.312107668696775,-0.706395145199264
"84","k5kl37u1g7gmhzhnvck5klc2dguroyoa",0.939786748116079,0.324981651193227
"85","hmkxx3129lrd4u2smhmk8gsvxikq6mf9",-1.20784577174902,0.691868809866902
"86","afdafu9vn4seij1b4cx9afdafu99vpc4",0.230624526657437,0.205603015653824
"87","5dv2rshi6cx3cu1a15ztd5dv2rsh7gh0",-0.06999496832506,0.402945116476357
"88","cw6pegl6wrqcw61p838e1lj730zp1k09",-1.78827504368963,-0.88019894130919
"89","zolz3ihddsve7mheuuvmhazolz3ihbpq",0.769052805130145,-0.350822626408879
"90","taco3s1p5ec012vtaco3xj9dilf23qjj",1.3124888579357,0.344796938393839
"91","lnmh3xvrya2ryti6dezsdlnmh37h7mlh",-0.034328183735101,-1.26865304710427
"92","v3qtgml0b7byxwv3qtvr2s0dx04pqjj9",-0.368461797420644,-1.2386611365419
"93","cjidks01ff5ogv6anyvd0gcjidks01fy",0.0456598160139913,-1.43058285800131
"94","ndydminpu9v4ole3s9ndydm686avhrgs",-0.421917341522524,0.0595178787230245
"95","ckbk18zv40kyyu13e9ckbgoug6s2zgko",-0.156950560140111,0.0229408661187754
"96","je5kfpewcjhq3cz0j3xje5kf3w21pzfd",-0.258994442758207,-0.720368137900652
"97","qs2dejk29j4ary69qs2dejrrv8thppla",-2.07613090330215,-0.905098643526963
"98","v1heo59wwec32i085q77lv1heo5dbybx",0.180116207167034,-1.12711333613817
"99","a8zgqa3m55uelqfa8zgqthf5kyhlhuvw",0.465648867334353,-0.025262406289278
"100","1i1az1oyeo6elj1i1az3dqfp7blrddu6",-1.01853428599938,0.259946687144389
"101","n4l7hftdb31jz6795yn4l7hfftov7wvw",0.0153496287953023,1.71345381342111
"102","81cvn2osbyhjzvcrd8x81cvdyd7snuip",-0.260194596258297,0.474353658792043
"103","317aa6pspk2n1j317vp59szee85vn5vp",-1.28936619127873,-0.532096227459502
"104","jpr2db58kevg8357jpr2dbi2fbhw1ol4",-1.35532046931567,-1.81204370738482
"105","0j4r2vko5otzdxz3h0j4rftrcywda15j",-0.393629664410279,-0.936934540872306
"106","o3300heaq7lhrw7c84xzo3300hwox58u",-0.50638678804748,-0.291029658886938
"107","cs21i7hw3a9d6ga9cs2jlb0h0zocifjl",-0.636232542612441,-1.1884182403941
"108","qd7c8kze6acajtqd7c4792ir69vpss0f",-0.84185909972189,-1.83039944401387
"109","6rxzwq8hfqtdq4z5px6rxzwfwrkmp8sf",-0.795631789583496,0.336632865703002
"110","ftehiht1unmpwual9vuftehi15nh3ixp",1.37689283219975,1.52744537803524
"111","po87tloagom9mcc6bipo87tllxqqzcgq",0.332986898983348,0.361219582076203
"112","sz8x5d33ydfvvbhsz8x5wxx3e7hymz70",-1.2260397511007,0.442623754893578
"113","qgtj2dg4tynlzsksfiqgtj2xknxqmyx5",2.23130970425126,0.953643328532755
"114","gcoupxodg8ji070xf0iwifgcoupxwtxd",1.58939429141307,-1.30485111135764
"115","b1selxuuo0vrcqhwz7b1s91lhperjz3i",0.636272321464169,0.0276394661136442
"116","lge2wvyeuitkfx3hglge2wvqpqpt5gpw",-1.00757659661581,-0.144328944484968
"117","vdvnr1qqntdzm63yvbryvdvnrwhtnhzi",1.40520654355823,-0.843154574446077
"118","u68guqov564z3ya9nu68g67idv9bhpqs",-0.677263910653818,0.302843858459227
"119","we2x9s53vz2efh2lwe2x9sqyf5sl8811",-0.638046301103048,-0.326502567810982
"120","4u49q4xiacrirmp5bl4u49q65gxjfg9e",0.244547351789708,-0.0124661334342217
"121","6ictxss97n0lhkx9kgv6ictxsvst71td",-0.109254098253337,0.112467839446737
"122","ep0winzifefx9xfep0wtwdkk03x59l8x",0.529738535632004,0.583503275100038
"123","8qfu4rlxyxo04jt8qyvzegwdasdcjkpt",-0.107055600960325,-1.10677224975094
"124","mzw3yk974mnjtufnqghnmzw37zk36eml",0.848282558875064,1.54972418110228
"125","bjg1qn2f71vtv2l3bjg1huv5h3rsp4mq",0.378086912549362,0.494955532035518
"126","5n601matxryqqpq5n6a04j1lqv9f1id6",-0.387007603666888,-0.556801077591237
"127","0xb1oo7lck4r300xb129t2umfnxoch0o",-0.346883445570296,-0.74734817259133
"128","tpbbkn0u2e61qcftpbbuypon1j1s88lj",0.986827090959842,-0.785009810408312
"129","d87u3q50a9i9zyyi3d87u7eccekrzaes",0.530592127725857,0.836210029727512
"130","drrytt12z3cimqvdrryeet7bgnodrz3n",0.687058712316387,0.870128016384805
"131","h2ldz7h6jkifkjw5z2h2ldz0ahzx56q2",-0.677375226416036,0.326698029089255
"132","14jaf820q1q36ra4r0a314jax48zecyz",0.210865678556488,0.384121919144641
"133","l0sl1mu3y7f23s3jbn2el0sl1muv60zs",1.1805064247072,1.39660605526155
"134","5yblti8k2tvno5xx65ybltit4v7kfsm9",-0.612132142106213,0.533049790504238
"135","rjkbqppx34sc7rwtrjkbfu14hqs6mdvg",0.064266199028392,0.598090333344934
"136","q0lp5x4f845fgq0lpp3al41fs7zxp3ip",-0.00501735691951481,0.163864259096339
"137","xtnawa2ych2et3w6qgyj4xtnawadudx9",-0.217577843129798,-0.265326518327053
"138","gfllj6kyn1k9ay605k5zgfllj1api4bm",-0.749634680998717,-0.920675519844643
"139","1uphm1snpzpujkz1uphwvme1j9ag752h",-1.12260652131934,-1.36451502357932
"140","42ro88xy523rxtopg42rotsdcbv00yos",-0.451297982624895,0.13060074357964
"141","uy51ns979wxrexm5jjlxuy51nkhix02j",1.30592524410262,1.56985030745173
"142","ex3cichvlwdlbm5prex3cicy4m3q3fq3",-0.316137519952624,0.375642734659438
"143","8hlksnd8h6a8b6d5cdh8hlksni5xy1qj",-1.33226661162303,0.0824882452533962
"144","4mlfacdwagqqgm67z4mlfhzlxvikzq1m",-0.549898940907925,-0.00297213184091521
"145","fjdge5mb86fmly52sfjdgf6bfavti1gm",-0.252222884708387,-1.80728403029776
"146","gkjdkov72ktygdbxxagkjdk21x90judn",-0.599414873040888,0.0114621614967279
"147","9gltub2x3dk18dsxwkxg9gltu1hnsd65",0.13895568913965,0.157365294773233
"148","tng1tgsvtf9hgy7n8xt7w5fdtng1t123",-0.691353857972826,-0.432946273289703
"149","eiph1zrugal5vyioteiph1z1f3slp871",-0.660040739495123,-0.667605501296735
"150","ac57nvihag807xf53517acgs4osiiagd",0.252956092887356,1.26309690896716
"151","fydrflf7j3vufrhocxfydrof75f5tbpf",0.19863003117681,0.776549673945504
"152","qcvcsthdklsn79hjczfqcvcqycmf24rj",-0.0331940318309284,-1.28445960052199
"153","2hp9ozgha9hbvs5o2of2hp9ozgy1966j",-0.539370762922616,-0.100975203073301
"154","oqnwstozjnzn68dz9swoqnwsm4r3up3k",-0.422213686278799,-0.833482586682906
"155","m2lqmxlmmu681cc2mr4gm2lqmxl4bd9r",-1.48821257122937,-1.12093804586367
"156","30zy0rvv55ek30zppk54w5c66jvvdxpp",0.126271443621258,0.0598066209698498
"157","1ucf5407jkc5esynu21ucfq7t5bs3y53",1.01207720599079,0.644203357816051
"158","me0t5sbspcy66iorhvhvme0t5s6os1xv",-2.03283087731542,-1.13826602694171
"159","5fzm3gacx0wafwuedibtul5fzm3gam93",0.372739553947695,-0.042822022422415
"160","44bg372fvwtebk44bg38mc5pumtzfwlm",-0.374654697032843,-1.23406653137732
"161","zvanufp68mh5omfwfik3czvanm87ga61",0.848251157245909,1.19743579878113
"162","fnnms5a15jxycpva52bdqefnnms5a1ow",-0.359123686090343,0.440699745775462
"163","3eowhlxy3nyxog5u3eod8meh0ptsbmir",1.84698631797717,-0.958885360756218
"164","tyaoccgrunuctyaocgwfch2gjsmg5u7l",1.30665987322499,0.954110076741181
"165","05l6oub0uv9icyu2is05l6ojnw00czzd",-0.671914647976044,-0.856645563299082
"166","ko0w240rjz4oj5cxzy3ko0w24oxz3pus",-0.169903792776816,-1.74528874828271
"167","187jevjy6o4ohl50uyglj187jevak67y",-1.18057729317157,0.742117872351021
"168","nwf63wq78xbi16hjnwf63f9wfs5ns49v",0.351231866623705,0.715409875244986
"169","5egi6pd163x7yfwpl4l495egi6p6wn3q",-0.0786889444723473,0.140087345471312
"170","811u27nqhldlzmetfqz811uxlh95en1z",0.198424763766555,0.220193032609807
"171","tr9o33ti9j6l0fbadxu0q25p6tr9o33t",-0.798821672168445,-0.351636565767897
"172","jwqper4x3a17h5jugte45jwqpergbc0x",1.35810588059984,0.935012397318738
"173","w2alkm9qq0frbmbs8t2gw2alkyleakm0",0.699617679472606,1.24950667179615
"174","cssjtb4e1vc7xsnmfncssjtb2yshi01f",0.493219976653272,0.304780133735133
"175","gro5yse797clukdxjen5h28gro5yse79",-0.354866031408342,-1.78613911439311
"176","4s0omijvmreia3o21pef14s0omi2nrdb",-0.331899100614621,-0.0782853026236907
"177","86f02bs2xfk86f0gg3klve5x05h7j8bg",-0.552573657778475,0.104844552517681
"178","ne4r11k5ktktz6rpfra43ne4r1tjxupr",-1.0090739357593,-0.846288831292879
"179","e0ydhmcs52k3ecrbwde0ydh2yx6vypvz",0.512060194102408,0.46508067318324
"180","vphofd6bpmi7r524xnvphofdohckaxi6",0.768302588737162,0.261388827302797
"181","yd6poy8gr9z4mzze6oa0syd6poy8gny9",-0.152826341235295,-1.21314358766393
"182","lchsvtsyjhe809h8lchsjkzzolrubvrh",1.28557986357654,1.25429721038888
"183","gukmwrwd1d97dwglot4gukmwrt79h1tz",-0.49676048317539,-1.43465866212394
"184","3fopdt11df56ix6di13fop6qhwe93k4c",0.474668926124762,-0.0528809485452585
"185","xw1jdtyhde6mjzxoxw1j2d96u99j5py5",0.842568354950478,1.01446678266189
"186","t3fqzaml96urkq385bt3ji888dwhvkin",-0.047367797844771,-0.95652072932327
"187","cg3rds27l59barcocg326s8qpybyhsro",0.968851245840728,-0.882042961612953
"188","dehyainlopvbvck95oqdehyaiznhdlhk",0.432507805343076,1.26450259178496
"189","03xer8xpwrwms18z47n03xfajodug4xa",-0.00629755995172619,0.0769849878051972
"190","x56gqdkaz1l99d7eb4x56gqde5qgnmvf",-1.45497066186878,0.31323931855898
"191","hpbkvbr3mgek3frmnhpbkv14yvf9tb3t",0.431223075980473,1.0989018245402
"192","4ubasrizp5nhtr0au4ubasrivw8hfs8p",0.812975554705319,0.349859320979904
"193","62ir2fwhxsjpf62i30dyzp9etfp4wqwg",-0.659507059396925,0.0239403795745707
"194","vfmgui769pwkcxwbp3xpqbvfmgui769z",0.890593531208683,0.336993985430346
"195","hpz2otk85gasa52fxuljhpz2otxu7ac2",1.09507019686913,1.14243002411082
"196","ljjrc06i0xno0ljj7b6qdxiqhn5jcy2i",0.362679718805626,-1.06262301050694
"197","u0pea57e8p2y0emy8gwlu0pejcvpnaex",1.80990711941604,-0.967988706759433
"198","bhpza8xikl927ibi2mbhpza8x3zdst90",-0.035203743560702,-0.580773963954616
"199","l3i49y7ntegnrm3l3i49bmy8dt2irvz8",-0.553343219080853,-1.81258060434626
"200","wao51ny8ynt8dngfbekwxwao51nmtfmy",-0.544432579721988,0.974330632783029
"201","zrrbfnmp6pz68ebzrrbs2n4g8043amm8",0.260622280796269,-1.6270551746835
"202","rj5bf930x54o0qzetdf4g6rj5bf93vl3",-1.32706295618447,0.350624655805483
"203","dn2ahep8trip4dnfago37faydv8sbnfa",0.0643393692343255,0.503715967969843
"204","o26aevhb4bma59rfp3o26aevh4agjr00",0.0921101618515704,0.372091671776752
"205","5u7z49u291vw6b5u7zat0kyaxks978vl",0.768248286989027,0.850210143443471
"206","kx08b3g88v1nle12skk2kx08b3ggcz5f",-1.67677006533492,0.184744226797899
"207","ux15emb2osq619gozyux15wlma5xqmh9",0.51028700696948,1.42238869687529
"208","q4b4lesqzakfthiyzq4b4l10vri10ksx",0.756317475025477,-0.0565652812040293
"209","jsglqt3zhhut9m33yjsglqtp05hap6p3",0.157578142598336,1.37614369175262
"210","prgf48o2kfigb1q2w5mlt3uxprgf48oy",-1.96811189771976,-2.20387001147126
"211","s515c412cv6mtinpyksjs515c4sglexa",0.707242275193043,0.660108002006479
"212","63g7vqhgx096l5heyh363g7ij03mn18b",1.36129164308844,0.903034050316975
"213","5ioerp09118tr05iopf30n60brb3u1zw",-1.77069529932718,-1.09036565211869
"214","66zpsdcubt3igdgp7d9066zpsdcu1f5c",-0.0854189239061746,-0.633684533663134
"215","yg9jklc320jvvf2hxjyg9jkuq4m2w5ct",1.33045134657277,1.67836478905122
"216","qh5mb9zzngtw8o1ppef3qh5md52dwtkf",0.0895559974614813,0.706816432676705
"217","7qj4blv908efmp9bqb7qj4b48brnotnd",-0.572208907208299,0.374416435264504
"218","swsch2spausnzasrxnswscegemhs6ww9",-0.336819047900229,-0.0434672839809305
"219","xn8f3idaglj13qnsyxn8f3d9zj3wxxy7",-0.33452136082176,0.978019127730796
"220","dv8g8qc2plftrubdv8g8q4fb05bjmc35",-1.06139515860202,-0.869288669950811
"221","ahzr1pi6wk2jnjmahzretuxgrj67r689",1.00252482868606,-0.049725673747713
"222","gmncy9gt7jmuewgm141s3tm3frcesx91",0.998709431575951,0.0095077162592704
"223","atttlknvtc7ygqbtnncatttlknohunla",0.408053291606885,-0.300780429557927
"224","r23mc9hbfqk137lf4nr23mcblalwk2gc",-0.221608341074227,1.08468098092367
"225","5ax053xllekco0y8us5ax059ckezixgu",0.325305516966414,1.0084492847139
"226","skldsrngcvolejgrskldsrngrxspx1i8",0.581818549113924,0.350624655805483
"227","dgq7x6k4fk7728dgq7dx2xeiy5a4jf2y",-1.02524334765779,-0.470781603791677
"228","x2yjxxxe51jwlmvodx2yj2luww7hx1pt",-0.708350001624734,0.252126848657807
"229","p2h4tik8sz5lvbp2h4tafgkrq0ko99wh",1.4752312385198,1.51003999817738
"230","p952ams1in4371gp952lnir6o5grg75w",-0.846348969128748,0.281569606621701
"231","xos6v5exjxrcg5ixos6v0p384g54nemz",0.320853119500673,0.0234879481365184
"232","tc4hvttmpl7b51mjtci6bnb88pewbccs",-0.796863856901619,0.256911094895352
"233","gke7cj76iuazrm7gmu0kjfa1gke7cj76",-0.587730915089005,-0.0469333841736762
"234","by27uapc7t1oby27w7mkze47cy1zhktk",-0.333910780856969,0.490088538412203
"235","1b8m5gxmwxqri4ga8eh1b8m5gxmlbll0",-1.53856830260582,-1.08913248497785
"236","ha3ouxnip27szhha3ou1ykq4wpu4pdzx",0.882827167384654,0.0481429167118576
"237","p2fjk0yer6f5jndkohlp2fjpqxf576l7",-0.877339598937217,-0.0885664746619308
"238","w1gz9zj6njjbyebw1gzswg8opcd9gdyj",-1.28430831958491,-1.77855614065538
"239","ctkkoboa7b3frja3qcmraj7pctkkoj47",1.10657283664784,1.03724810394939
"240","ggq3gq9o4plw86ggq3gq6zf2g5wsdzzy",-0.48035682519679,-1.02114844284423
"241","3z5vinpj1dkst4vkq3z5vin4ov4ahygn",0.656468885026178,0.196167181051455
"242","q22bfr1j1bmm2j1x2nr2z1q22br8g9z3",0.0711190285686063,0.664486169792194
"243","ue26bkoy3o3d0yywle8ue26bx7u6x7yn",-0.527835070911627,0.851891096695153
"244","g3c2zfn38u5ms5b4d7g3c2zjq9l38r8a",0.314103543447173,1.10907523653655
"245","th06cvtzcgt6qgl2v524th06cvtlgk5t",1.13344089352232,0.71363594807738
"246","xx8pqzml8uuhtxxx8pns8t95d93t2jrr",-0.906002261948984,-1.1521359621649
"247","8o3tbgn8o3tgac4es4z3ctgga6ftc3lm",0.883346424014814,0.0205828650173026
"248","pgtffasz2ufermxfrpgtffasc9857d2k",0.376188844251788,0.143164115323375
"249","bqno2vitsl3l6i71kam2j6bqnowxl3ph",0.099474035716116,1.23376938163306
"250","qh8zwz55hohonsdhea5a72rqh8zwzbab",0.893379894472227,-0.956211279837748
"251","13j638fc6t78s1o8tib13jiyrudg4npv",0.950024194817465,2.42615239942271
"252","rr94blkvc4prbrrr946heyk296aylnl3",0.101512256118543,-1.18578941156612
"253","nbi57gpltyvnf0bmnwwkanbi57gp9ncl",-0.94176469571943,-1.26447435794284
"254","t00noleb2fspgemct00noyt1urxhqglg",-0.495938219478759,0.877503181394328
"255","ocrp2htfp8iwge4jocrpxcest46wnbf4",0.371954103179804,0.0177199035239269
"256","z8xuyb35ww9hqr6myvy1jbz8xuyb3yx2",0.0531414490626218,0.316785442355508
"257","0k234khho6b9h0k234wz1hpd8srcr8u3",1.43563299645195,0.918873118479871
"258","c058rtxgd3v19xb5hc05aqj6tq3athne",0.103951004453035,1.15854041920337
"259","znb57r80h8jex5vytznb57ke5k6320jv",-0.16418866928401,0.249798532497644
"260","n168txxpxgxnoyt7uyyn16ejl5pql8z0",-1.38788414111288,-0.496420174128418
"261","zp0p6pe3ycocyxm0tcz2rzp0p6p6ceft",1.00366443616381,1.03151732335114
"262","eq70rw4x5ltwje8ijeq701kqf1q43hkk",-1.69173808532975,-0.0475190648118518
"263","w9mcsdbvxpopbooiuw9mbx8aex5kd8s1",-0.7541771120065,0.449628596935403
"264","9638b8snsyh6mww5h4s9638b10yewznh",-0.454669226816499,-0.725081829355585
"265","jo4dhidup0vvpseytjo4dh9u4wrj53br",-0.566459983491463,-0.962740201936478
"266","gtsimw4km5sxreatahgtsiixrscbr6c9",0.989428150801926,0.516828846318984
"267","56if1jphuckd79qv56if7er24j4pktip",-1.38459531203428,-1.74067009755539
"268","nj7d9qffec7cfu7bzmonj7d9qf9bs6ov",-0.513346388601559,-1.08236639991553
"269","499ckj5zl6cjt3w499cyx92yt4n3l9e6",-0.316302753360191,0.134632346805869
"270","pwuld6ww39v3cfcbqpwuldbqs54f7z9m",0.436660012040137,0.487423897184155
"271","ack1p5jnuxvng12gack1zh9ohssdm0gl",0.347887396872167,0.919737018568586
"272","31oy66n40ylx8l7aa31oy5w2wufzxxbx",-0.40334946645764,0.0284124053337329
"273","3f9acwg9shzyzzxky7shq3f9acw26mff",-0.0566679550143771,0.529513533066661
"274","iy95873i3m26ip9srj1oiy95870a4qib",1.35642737175446,1.5613978549268
"275","mi3tz4sqgxygg0qokbjyzjmi3tzbyfaq",1.59264874348864,-0.883153902636179
"276","drnd31oc8m03xe4mdrnd34we91hwktg8",0.840005275464839,1.29861577302881
"277","trlz3yrnioswtru672ghl22dcihx7u67",-0.75944928554693,0.129603279020416
"278","ijiihi90rpwddlt93t1dijiihiuzp44k",-0.227507678020974,1.12165632827691
"279","ni7oh3j6pmxb24jgbini7oh354nha962",0.973034785441271,-0.923105347618926
"280","1otw1ppzaqy0y911otwjclaykxo8c299",0.645712727297265,1.0626946703112
"281","oly8zaigk2x0zll8ipyoly8zaig72mdn",0.227808496298054,-0.000720081960727161
"282","5ttwqotja6z0t103syi5ttwqpoyv4bq7",0.810160795582459,0.489707630431605
"283","5l0wp8rzh9q5h2s0qbc6j765l0wp8rss",1.0205482489492,1.11060962263068
"284","o4oz5okfub27deenowpo4oz5okffzmug",0.601518735888473,1.1690354282444
"285","3ui3fr27ecv320a7bh3ui3frdpvu4a64",0.688480807848103,0.393556739142802
"286","u9yj2j04fxwi278450t8u9yj2j3d57in",0.636004190797745,0.675109770818118
"287","7263ef594w2yapi72630belkb17p84od",0.419921351048706,-0.658495924270353
"288","ocdfigspi1l5s2mzjocdfigsow1s9pvk",-0.191010708970748,-0.00250171124318042
"289","was5ep7yxkg58zamdwas5e3wusnembuf",1.33723848844581,0.0417821533017465
"290","fxkihhs364a61i83hufxkihhwbtb5nld",-0.535717868149736,0.917156574031731
"291","rayqhjw1pz5ra7129m30rn3q4xssz712",1.12989409684565,-0.909639942078292
"292","rz0akul2i4impitb804bfjn4rz0akubg",-0.376153605427478,-1.89638833847814
"293","hkt8bausup2a3ouaqdrjg6hkt8lmo36p",-1.59885140312193,-0.0465398132409407
"294","sbn64sqqruo82t9x3p00h8sbn640cbe7",-0.779990348735872,1.00143714556318
"295","xpn56qsxjvctdrhoy0mxpn56m57qjuqj",0.369736119437052,-1.27924524044554
"296","1p1j2tn02k6nlwokqdmt1p1j2j6d5v8t",-0.0557784255068396,0.718582662855773
"297","u9slr80r1wpgw011sju9slrn0mhdrjfq",0.706967479827616,0.138356960960193
"298","jb03tyyzxssucc5mcgpjbjvdt6s9w3cw",-0.00364580610009018,0.693379770575697
"299","yzwax6ks8s372sdjnyzwaxh82zrk84ew",-0.743046957984129,0.196510722710899
"300","u1hfd1sk6wjoe5ltu1hfuke4sbfh3rah",-0.564021017318704,-0.580211892585674
"301","lj2n9ve6zsfl7yedelj2n9vn8swgotp6",0.692891352089986,0.509989237551809
"302","onlvc694knacc2a62qonlvc69zi21itt",0.248506338249263,0.250617207428644
"303","zhav22agndjo1zhavn6j501tox2o2hyn",-0.203453548815665,-0.0958349617390122
"304","hc94ajdvv78nr4wrhclykycqy1qhbvwx",0.726348347721244,0.0480850387734891
"305","5vym4mdp3x296yd55vym4mdactemijpo",1.53939541055267,1.1144987808892
"306","euxqzwcyrmb4fv5g3a5g57reuxqzwciq",0.46923842670341,1.46043164006319
"307","er0sut216f5z9f2pcgdbsoker0sut2to",-0.202900581824358,-0.208863057185507
"308","dcyal0gos4idcynfegav2vowoqzwb0nf",0.597075287680468,0.193360386766219
"309","mdw8u5ktwl4jxnpu3mdw828omu8tjunz",-0.434474379512458,-0.268842319029077
"310","dn5x85o9e5s6v4k59uds9ndn5x851p4c",0.162851683158367,-1.62034370700512
"311","hlofoo1gnmwvw9gihlofootf2c433br4",0.867994458549598,0.0465324853373411
"312","lvvqpv099n5vdgshhk6k9lvvqpv82ato",1.82747102134271,-0.378074005177602
"313","wb2rfnksm9l5y93m7wb2rfn0nkqbsf71",0.597021259106058,0.511749193119861
"314","6bqygpgd5jtlfpt4n6bqaf3fnoduxer7",1.10445018154959,1.65234187523842
"315","r1n1pj8c2tclj33ber1n1c7wgwj367k0",-1.31653671978849,0.352417861944431
"316","kyhqkg3sebkohhnftpkyhqkeux83wxnu",1.03351401621795,0.534950849606274
"317","73xfy8xk0151539w4kv7k3q73xfy8mbb",0.322538410721548,-0.0135834892574214
"318","orv0dk1b0tw0prg77g7orvk7y8ik5cdr",1.00086453955836,0.438869925817026
"319","jbu98b4o2s4ag10yvwjbu98b4igbedqp",-0.215061785351137,-1.04613979762325
"320","41y05gwa6d05kvnex41y0sy6gsyqvv1w",0.274915302571357,0.514415406365114
"321","lq1y5yafsuvvg49uu1rlq1y5yq93hn5i",-1.4584960622156,-0.113153746709885
"322","7xx4m668988sqq9rjk7xx4mf2kdn983o",0.563350123764019,-1.24676717958765
"323","rann316ephkgqyp3ranne7htswumz299",0.515554796832171,-0.916956248845548
"324","0b8e0qqpn6jhq0xy8za0b8e0qw0kkgd9",0.210747701052803,1.11674493720962
"325","ykyysc9wv6cva6ul5srykyyscab6cff6",-0.585632072457907,-0.27329564192707
"326","s4t11b0ua540bg1qcx70ns4t11b0u8o7",-0.529405446521496,1.03778238428206
"327","zeovpwn5umbm7zvxzeovp6p2csi81frc",0.187302022466108,0.509965132112664
"328","umz9ulyxpwzhp4e3q6t1fumz9ulyi6tt",-0.667756852533365,0.212765318232306
"329","n5mkklp55cke9kkpjn5mkk35oit8htru",0.500108860496276,1.1247011300311
"330","jsv5mq1km1877o9nazjsv5mqwdinik4e",-0.279351578437874,-1.32375629523137
"331","7cd5cl7r9udhn4vqw07cd5c8uhen8nur",-0.794498477874656,0.562816417502259
"332","tpyt6ju2d1x8hgtpytzvths9ksar4uaw",-0.154208489874365,0.994987174622501
"333","j3mbi1qa3f9hega9oj3mbfwcajsoyoo5",0.60382183372162,-1.04103775641041
"334","a8zix8ws3nem4td5wdza8zix6emhaibg",-0.97408458417532,0.178277116645231
"335","8i4l2cpq0pg2v9ftr38i4l2cocvivcoa",0.874926905912654,0.258394218552521
"336","bauv6igdp8u1ymypebauv681s7p1fo5s",-0.729334111020708,-0.837762769388823
"337","sxbzvpy8t3bgvggyrxsxbz3o7hf4dq6u",0.187048201093427,-1.34757384392441
"338","dbzfi5z0e60oa7cseg9udbzfi5zi7hoh",-0.420422591139512,-0.0692343822235755
"339","jbexnxwa8sxidivjbezxrdw9neyv3vky",0.562294719227595,-0.0689714748657299
"340","bfagvkodjtyq2ybfvbeqkbfagvkoa74p",0.51152546339305,1.37480296074721
"341","r0216835cfrrz25ag2qr02168r27158c",-1.03853887344017,-0.597127435066833
"342","you3t8e0by7vhs2nyoun5yw72tsmglcw",-1.21396622189281,-1.3149480065426
"343","35l1x29g4pupadqqim4rg35l1x2tfymc",0.133576878446658,0.306836931939118
"344","n4iixbxkcypdn4iij784urw2e0mcoea7",-0.761712706398103,1.72191744471882
"345","cjo9z2pczpp4zwwsqwffbcjo9z2pcrm5",0.896536353631621,-0.96460280043253
"346","ku1hsekchmbvzkuanoe1spy1weh9zrbn",-1.49736229078096,0.679672580651042
"347","6ndiwwsi2of7hb69o6ndin0pqyehzk7e",0.00862205125621518,-1.21674166085604
"348","83v15uckleiiglwo83v154wnvd7g9ujx",0.268952246080784,0.76934200599876
"349","jc8x4jb1wpv6y1nqf3bqo9jc8x4mjzqg",0.456222582453145,-1.11902243353826
"350","4d5aba0ldmv7hgqm76b4d5abxhtrmu20",1.10039118944975,0.323812477548024
"351","d78y1uffqocmh6wts0b8syd78y14xcmc",0.237721282490431,0.693707421547155
"352","8f79fuc3bh7p20o8t9pfr8f79fuc4r40",-0.794754830152184,0.285752317937776
"353","kwmlvx3h55bawgoaa6kwmlvxkwa2ed10",1.21475813545311,0.296771781412347
"354","ya3ruwg4uh8z3zya3r7sx8jpbnz56gwx",0.656498189958642,0.300013971193192
"355","avcfkg6crea633dknavcfkwocr6kn0h1",1.35014786794663,0.483436503260891
"356","os6v72d3ed2io67qgjos6v72gfw6ru61",0.847021962096196,-0.450005348645668
"357","i6d2jz6egmjv4f9ge0i6db30pazczbj5",-0.640229177247075,0.262593297286145
"358","j4o64z93a6in7x2isj4o643d5yxz4xj1",-1.81981935600956,0.240215428614186
"359","egn372q9qa7mre5htegn3770rzjr3aw6",-2.02291283924319,-0.804258173541259
"360","7qj477rupz3qt8f1v7qj477ro6p6qucz",0.329836840993714,-0.501899334808573
"361","cio7fwsd78beklavycio7c2af7ttjtcz",-0.486662845292142,-1.13707531636133
"362","up1s22n39gdp4vm3up1sfs02kfvg55jo",-0.12071137908876,0.0181510687788977
"363","pjqximdfunuvf8p8d5sdpjqxx540ullr",-0.00292334829332749,0.0441193292229152
"364","3v1vga8e9sn5p4h8g3v1vgo5zkasi2sh",1.49538290641332,0.23517851847076
"365","wg4swri7z0dh3lrdvwg4sw2i5a8ii1pw",-0.630438475100417,-1.44184668783337
"366","17e6zo2imvw3k17epzifqjkd67haykuj",0.703946258760658,0.359446204335133
"367","q7es9cjn387xxnin4qq7es9cjer5xuqj",0.942069935668911,1.14516555819275
"368","rdlby7kipu97v5vrdlbyvueh2muo2zrt",0.206645139397954,-0.458489267977483
"369","9svvu9p4q10a9uier9v9svvu9pprflv7",-0.56156794967738,0.282776340266363
"370","8z87vpue2gukb5f9xpt918z87vpukowf",0.413351758664118,0.858428069890784
"371","zf0vrvhcno3tcnozf0mrd3hmgqts0xbu",1.15706309217089,0.32433484235004
"372","gu2ablcbzqwirkorbx5hgu2ablcv2zkn",-0.12442499751094,-0.454667346119139
"373","cnk2hu5osc1gq04xcnk2hu51tfdny512",-0.148912624625306,0.315965473807644
"374","wfdkm2v0yem7sakqrfud6owfdkm2m6nk",0.0730852900794104,-0.729763274471149
"375","0qm5z2p4tuj0oplavxr0qm5zhv0y85lz",-1.65720239608471,-0.3346986263465
"376","4jazeieyf2l57p34jazeunknatt00ws0",-0.386980836344822,0.125455235512617
"377","79faxjb598govq79favjcuh0zuwhglmz",0.826633567064656,-1.11454245072816
"378","ds9noeeqk6a938teo9ds9noeedix9omf",1.03263481999323,0.326499562752784
"379","2606khtajech8a6l4h402606kht6db6u",0.53461211212187,0.581700421249122
"380","bt22cackd6uiaw0a4bt22cf5xejj1fyc",0.836310182393766,-0.577773804552183
"381","xj4rlx9pu9ekttdc62q5f4xj4rlxgidv",0.600726364067008,1.28551474643063
"382","bocohydfoomgzvbocoljajn416j46gqt",0.399636201280222,0.0745569210359387
"383","3n5ztp2mhwvgd8ph6l1s3n5ztp250xp0",-0.529519717984338,-0.161436381718607
"384","41zayoqoto488tz9r8t41zayoqf4a3yf",0.660342550557896,-0.133210831922464
"385","i07izj2ecn88m9fwfi07izj2k7ar6hys",1.06142606310273,-0.258572851175764
"386","jvox44puzlh16w6e6jvox4chozqow2ml",0.944881654623697,-0.916130433704649
"387","g94ab9pawaestzgjhzzfg94ab9zhvelc",1.26271419162423,0.932509876162056
"388","tkgekylnropdtkge02z5gul0tots7v0g",0.187810071724321,-1.15451003683353
"389","4ku9e93z34tx1sud2aic24ku9e93zt4i",0.719693527664991,0.911570503850524
"390","9q06ecssm7tizsi959q004llhdi7a4ki",0.0170232092823675,1.45479354452696
"391","4b5vg6d6q7c56kl2b564bc95u29wky3e",-0.865073129879985,0.484649226797164
"392","ke58yhq9mmh6ncmapke58yhzo5xgry0n",-0.278273347002797,0.464692795869621
"393","qazlufd3q5m72vk5l6qazlufbfihoijt",0.175707113513075,-0.725567335791814
"394","9f4r3ecrqvfq3uec9f4rco60yq7hdhca",0.0385576133999036,-0.151584518037547
"395","4xyefrptdbmeu3qw4xyel1xhv53n3xkg",-0.909426483213777,-1.26915609339876
"396","nxltkigi2vcj8o9sp8pnxltkigyc5cgn",-0.66124121594918,-0.483025419781713
"397","7fxablfdcmwvvl5ukhfn7fxabiotb2o1",0.572157798394153,0.606999578667427
"398","np1iz4io7d5izuz4c0eesuinp1iz4vlr",0.500670385954991,1.00823897315698
"399","xgwt6sp18ubgestkih5j9xgwt6puj2dw",-0.808419193246974,0.332561328076643
"400","5yslgpjkaa2fbkr99i5yslgpdb7wprlv",1.49311454986299,-0.317225516925073
"401","fmlp8knieyxhm034o3fml33s3cfvgxtw",1.37339020399377,1.01059841633615
"402","w0jlp9emmbs1smw0jlp90aqqvgz4leit",0.140036174885822,-1.05839836727241
"403","ebtg9ix1ozeij4makrebtg9ibsva1qxp",-1.01876553701919,-0.251273291108931
"404","zj79jnpj8g2un7hwsdzj79jnp5poriut",-0.238605033447242,0.628458202121848
"405","5894czyx25vb6o40k5894hvdq5nrntd8",-0.266698219588615,0.507796240060707
"406","2cs2j497wkcvsxxs2cqowquu18kuj3hz",1.11264983993925,0.919631627823262
"407","t75spdna52vh89r3tkd11t75spdforgw",-0.121540381522265,-0.256567016073442
"408","g6y8tibmjm32p03jn3dg6y8tl20mcxyh",0.233882744682955,0.798600944301509
"409","i2wubl2wudchjm1i6znpi2wublhtv6cf",-0.0624603228337214,-1.83247979210917
"410","03o795a6ewbzoc9w03o7916m09n9ec6y",-0.0555029771201295,-0.17440748037291
"411","0r5luri38hcxgs9p0uj0o0r5lu4n9r54",-0.726794839567013,-2.02498169121408
